/*
SQLyog Ultimate v8.71 
MySQL - 5.7.9 : Database - selfizeev2
*********************************************************************
*/

/*!40101 SET NAMES utf8 */;

/*!40101 SET SQL_MODE=''*/;

/*!40014 SET @OLD_UNIQUE_CHECKS=@@UNIQUE_CHECKS, UNIQUE_CHECKS=0 */;
/*!40014 SET @OLD_FOREIGN_KEY_CHECKS=@@FOREIGN_KEY_CHECKS, FOREIGN_KEY_CHECKS=0 */;
/*!40101 SET @OLD_SQL_MODE=@@SQL_MODE, SQL_MODE='NO_AUTO_VALUE_ON_ZERO' */;
/*!40111 SET @OLD_SQL_NOTES=@@SQL_NOTES, SQL_NOTES=0 */;
USE `selfizeev2`;

/*Table structure for table `clients` */

DROP TABLE IF EXISTS `clients`;

CREATE TABLE `clients` (
  `id` int(11) NOT NULL AUTO_INCREMENT,
  `nom` varchar(255) NOT NULL,
  `adresse` varchar(255) DEFAULT NULL,
  `created` datetime DEFAULT NULL,
  `modified` datetime DEFAULT NULL,
  PRIMARY KEY (`id`)
) ENGINE=InnoDB AUTO_INCREMENT=5 DEFAULT CHARSET=utf8;

/*Data for the table `clients` */

insert  into `clients`(`id`,`nom`,`adresse`,`created`,`modified`) values (1,'Selfizee','','2018-07-21 08:16:29','2018-07-23 17:20:44');
insert  into `clients`(`id`,`nom`,`adresse`,`created`,`modified`) values (2,'CA','','2018-07-21 13:07:54','2018-07-21 13:07:54');
insert  into `clients`(`id`,`nom`,`adresse`,`created`,`modified`) values (3,'Client',NULL,'2018-07-23 17:15:45','2018-07-23 17:21:05');
insert  into `clients`(`id`,`nom`,`adresse`,`created`,`modified`) values (4,'Nom',NULL,'2018-07-23 17:21:51','2018-07-23 17:21:51');

/*Table structure for table `contacts` */

DROP TABLE IF EXISTS `contacts`;

CREATE TABLE `contacts` (
  `id` int(11) NOT NULL AUTO_INCREMENT,
  `nom` varchar(255) DEFAULT NULL,
  `prenom` varchar(255) DEFAULT NULL,
  `email` varchar(255) DEFAULT NULL,
  `telephone` varchar(255) DEFAULT NULL,
  `code_pays` varchar(45) DEFAULT NULL,
  `created` datetime DEFAULT NULL,
  `modified` datetime DEFAULT NULL,
  `photo_id` int(11) NOT NULL,
  PRIMARY KEY (`id`),
  KEY `fk_contacts_photos1_idx` (`photo_id`),
  CONSTRAINT `fk_contacts_photos1` FOREIGN KEY (`photo_id`) REFERENCES `photos` (`id`) ON DELETE CASCADE ON UPDATE CASCADE
) ENGINE=InnoDB AUTO_INCREMENT=901 DEFAULT CHARSET=utf8;

/*Data for the table `contacts` */

insert  into `contacts`(`id`,`nom`,`prenom`,`email`,`telephone`,`code_pays`,`created`,`modified`,`photo_id`) values (721,NULL,NULL,'mathildeetalexis@hotmail.fr',NULL,NULL,'2018-07-23 10:38:09','2018-07-23 10:38:09',2082);
insert  into `contacts`(`id`,`nom`,`prenom`,`email`,`telephone`,`code_pays`,`created`,`modified`,`photo_id`) values (722,NULL,NULL,'melanie.eyries@free.fr',NULL,NULL,'2018-07-23 10:38:10','2018-07-23 10:38:10',2083);
insert  into `contacts`(`id`,`nom`,`prenom`,`email`,`telephone`,`code_pays`,`created`,`modified`,`photo_id`) values (723,NULL,NULL,'amandine.molle@gmai.com',NULL,NULL,'2018-07-23 10:38:10','2018-07-23 10:38:10',2084);
insert  into `contacts`(`id`,`nom`,`prenom`,`email`,`telephone`,`code_pays`,`created`,`modified`,`photo_id`) values (724,NULL,NULL,'simsim56@hotmail.fr',NULL,NULL,'2018-07-23 10:38:10','2018-07-23 10:38:10',2085);
insert  into `contacts`(`id`,`nom`,`prenom`,`email`,`telephone`,`code_pays`,`created`,`modified`,`photo_id`) values (725,NULL,NULL,'bheisler@wanadoo.fr',NULL,NULL,'2018-07-23 10:38:10','2018-07-23 10:38:10',2086);
insert  into `contacts`(`id`,`nom`,`prenom`,`email`,`telephone`,`code_pays`,`created`,`modified`,`photo_id`) values (726,NULL,NULL,'landry.alicia22@gmail.com',NULL,NULL,'2018-07-23 10:38:11','2018-07-23 10:38:11',2087);
insert  into `contacts`(`id`,`nom`,`prenom`,`email`,`telephone`,`code_pays`,`created`,`modified`,`photo_id`) values (727,NULL,NULL,'mgio2266@gmail.com',NULL,NULL,'2018-07-23 10:38:11','2018-07-23 10:38:11',2088);
insert  into `contacts`(`id`,`nom`,`prenom`,`email`,`telephone`,`code_pays`,`created`,`modified`,`photo_id`) values (728,NULL,NULL,'bourbigot.charles@orange.fr',NULL,NULL,'2018-07-23 10:38:11','2018-07-23 10:38:11',2089);
insert  into `contacts`(`id`,`nom`,`prenom`,`email`,`telephone`,`code_pays`,`created`,`modified`,`photo_id`) values (729,NULL,NULL,'blandine.even35@gmail.com',NULL,NULL,'2018-07-23 10:38:11','2018-07-23 10:38:11',2090);
insert  into `contacts`(`id`,`nom`,`prenom`,`email`,`telephone`,`code_pays`,`created`,`modified`,`photo_id`) values (730,NULL,NULL,'amandine.molle@gmail.com',NULL,NULL,'2018-07-23 10:38:11','2018-07-23 10:38:11',2091);
insert  into `contacts`(`id`,`nom`,`prenom`,`email`,`telephone`,`code_pays`,`created`,`modified`,`photo_id`) values (731,NULL,NULL,'pierre.compoint50@orange.fr',NULL,NULL,'2018-07-23 10:38:11','2018-07-23 10:38:11',2092);
insert  into `contacts`(`id`,`nom`,`prenom`,`email`,`telephone`,`code_pays`,`created`,`modified`,`photo_id`) values (732,NULL,NULL,'karinelr.cadalen@orange.fr',NULL,NULL,'2018-07-23 10:38:12','2018-07-23 10:38:12',2093);
insert  into `contacts`(`id`,`nom`,`prenom`,`email`,`telephone`,`code_pays`,`created`,`modified`,`photo_id`) values (733,NULL,NULL,'patriciacaraes@hotmail.fr',NULL,NULL,'2018-07-23 10:38:12','2018-07-23 10:38:12',2094);
insert  into `contacts`(`id`,`nom`,`prenom`,`email`,`telephone`,`code_pays`,`created`,`modified`,`photo_id`) values (734,NULL,NULL,'veronique.poulmarc-h@wanad.fr',NULL,NULL,'2018-07-23 10:38:13','2018-07-23 10:38:13',2096);
insert  into `contacts`(`id`,`nom`,`prenom`,`email`,`telephone`,`code_pays`,`created`,`modified`,`photo_id`) values (735,NULL,NULL,'famil.le_roux@yahoo.fr',NULL,NULL,'2018-07-23 10:38:13','2018-07-23 10:38:13',2097);
insert  into `contacts`(`id`,`nom`,`prenom`,`email`,`telephone`,`code_pays`,`created`,`modified`,`photo_id`) values (736,NULL,NULL,'bernard.couchouron@laposte.net',NULL,NULL,'2018-07-23 10:38:13','2018-07-23 10:38:13',2099);
insert  into `contacts`(`id`,`nom`,`prenom`,`email`,`telephone`,`code_pays`,`created`,`modified`,`photo_id`) values (737,NULL,NULL,'plouegat22@gmail.com',NULL,NULL,'2018-07-23 10:38:14','2018-07-23 10:38:14',2100);
insert  into `contacts`(`id`,`nom`,`prenom`,`email`,`telephone`,`code_pays`,`created`,`modified`,`photo_id`) values (738,NULL,NULL,'gtifenn@gmail.com',NULL,NULL,'2018-07-23 10:38:14','2018-07-23 10:38:14',2101);
insert  into `contacts`(`id`,`nom`,`prenom`,`email`,`telephone`,`code_pays`,`created`,`modified`,`photo_id`) values (739,NULL,NULL,'frederic_cure@yahoo.fr',NULL,NULL,'2018-07-23 10:38:15','2018-07-23 10:38:15',2102);
insert  into `contacts`(`id`,`nom`,`prenom`,`email`,`telephone`,`code_pays`,`created`,`modified`,`photo_id`) values (740,NULL,NULL,'evagaelledm@gmail.com',NULL,NULL,'2018-07-23 10:38:15','2018-07-23 10:38:15',2103);
insert  into `contacts`(`id`,`nom`,`prenom`,`email`,`telephone`,`code_pays`,`created`,`modified`,`photo_id`) values (741,NULL,NULL,'lanoubelz@gmail.com',NULL,NULL,'2018-07-23 10:38:15','2018-07-23 10:38:15',2104);
insert  into `contacts`(`id`,`nom`,`prenom`,`email`,`telephone`,`code_pays`,`created`,`modified`,`photo_id`) values (742,NULL,NULL,'noemieleberre29@gmail.com',NULL,NULL,'2018-07-23 10:38:15','2018-07-23 10:38:15',2105);
insert  into `contacts`(`id`,`nom`,`prenom`,`email`,`telephone`,`code_pays`,`created`,`modified`,`photo_id`) values (743,NULL,NULL,'claudine.lemonellic@bbox.fr',NULL,NULL,'2018-07-23 10:38:15','2018-07-23 10:38:15',2106);
insert  into `contacts`(`id`,`nom`,`prenom`,`email`,`telephone`,`code_pays`,`created`,`modified`,`photo_id`) values (744,NULL,NULL,'valentine-lelanno@orange.fr',NULL,NULL,'2018-07-23 10:38:16','2018-07-23 10:38:16',2107);
insert  into `contacts`(`id`,`nom`,`prenom`,`email`,`telephone`,`code_pays`,`created`,`modified`,`photo_id`) values (745,NULL,NULL,'cathy.baudouin@gmail.com',NULL,NULL,'2018-07-23 10:38:16','2018-07-23 10:38:16',2109);
insert  into `contacts`(`id`,`nom`,`prenom`,`email`,`telephone`,`code_pays`,`created`,`modified`,`photo_id`) values (746,NULL,NULL,'lebail.francois@gmail.com',NULL,NULL,'2018-07-23 10:38:17','2018-07-23 10:38:17',2110);
insert  into `contacts`(`id`,`nom`,`prenom`,`email`,`telephone`,`code_pays`,`created`,`modified`,`photo_id`) values (747,NULL,NULL,'nanou198304@gmail.com',NULL,NULL,'2018-07-23 10:38:17','2018-07-23 10:38:17',2111);
insert  into `contacts`(`id`,`nom`,`prenom`,`email`,`telephone`,`code_pays`,`created`,`modified`,`photo_id`) values (748,NULL,NULL,'kilian.du22@hotmail.fr',NULL,NULL,'2018-07-23 10:38:17','2018-07-23 10:38:17',2113);
insert  into `contacts`(`id`,`nom`,`prenom`,`email`,`telephone`,`code_pays`,`created`,`modified`,`photo_id`) values (749,NULL,NULL,'sylvaincecile@orange.fr',NULL,NULL,'2018-07-23 10:38:17','2018-07-23 10:38:17',2114);
insert  into `contacts`(`id`,`nom`,`prenom`,`email`,`telephone`,`code_pays`,`created`,`modified`,`photo_id`) values (750,NULL,NULL,'shopsoudin@gmail.com',NULL,NULL,'2018-07-23 10:38:17','2018-07-23 10:38:17',2115);
insert  into `contacts`(`id`,`nom`,`prenom`,`email`,`telephone`,`code_pays`,`created`,`modified`,`photo_id`) values (751,NULL,NULL,'super_claire_30@hotmail.com',NULL,NULL,'2018-07-23 10:38:18','2018-07-23 10:38:18',2116);
insert  into `contacts`(`id`,`nom`,`prenom`,`email`,`telephone`,`code_pays`,`created`,`modified`,`photo_id`) values (752,NULL,NULL,'fabien.faure89@orange.fr',NULL,NULL,'2018-07-23 10:38:18','2018-07-23 10:38:18',2117);
insert  into `contacts`(`id`,`nom`,`prenom`,`email`,`telephone`,`code_pays`,`created`,`modified`,`photo_id`) values (753,NULL,NULL,'compagnons.chatillon@gmail.com',NULL,NULL,'2018-07-23 10:38:18','2018-07-23 10:38:18',2118);
insert  into `contacts`(`id`,`nom`,`prenom`,`email`,`telephone`,`code_pays`,`created`,`modified`,`photo_id`) values (754,NULL,NULL,'nat-lnternet@neuf.fr',NULL,NULL,'2018-07-23 10:38:19','2018-07-23 10:38:19',2119);
insert  into `contacts`(`id`,`nom`,`prenom`,`email`,`telephone`,`code_pays`,`created`,`modified`,`photo_id`) values (755,NULL,NULL,'c.francois2709@laposte.net',NULL,NULL,'2018-07-23 10:38:19','2018-07-23 10:38:19',2120);
insert  into `contacts`(`id`,`nom`,`prenom`,`email`,`telephone`,`code_pays`,`created`,`modified`,`photo_id`) values (756,NULL,NULL,'durandroyantmaelle@gmail.com',NULL,NULL,'2018-07-23 10:38:19','2018-07-23 10:38:19',2121);
insert  into `contacts`(`id`,`nom`,`prenom`,`email`,`telephone`,`code_pays`,`created`,`modified`,`photo_id`) values (757,NULL,NULL,'mylene.robin56@gmail.com',NULL,NULL,'2018-07-23 10:38:19','2018-07-23 10:38:19',2122);
insert  into `contacts`(`id`,`nom`,`prenom`,`email`,`telephone`,`code_pays`,`created`,`modified`,`photo_id`) values (758,NULL,NULL,'leguetanais@gmail.com',NULL,NULL,'2018-07-23 10:38:20','2018-07-23 10:38:20',2123);
insert  into `contacts`(`id`,`nom`,`prenom`,`email`,`telephone`,`code_pays`,`created`,`modified`,`photo_id`) values (759,NULL,NULL,'c.legallic.ach@gmail.com',NULL,NULL,'2018-07-23 10:38:20','2018-07-23 10:38:20',2124);
insert  into `contacts`(`id`,`nom`,`prenom`,`email`,`telephone`,`code_pays`,`created`,`modified`,`photo_id`) values (760,NULL,NULL,'phil.duault22@orange.fr',NULL,NULL,'2018-07-23 10:38:21','2018-07-23 10:38:21',2125);
insert  into `contacts`(`id`,`nom`,`prenom`,`email`,`telephone`,`code_pays`,`created`,`modified`,`photo_id`) values (761,NULL,NULL,'joelannie.marquet@gmail.com',NULL,NULL,'2018-07-23 10:38:21','2018-07-23 10:38:21',2127);
insert  into `contacts`(`id`,`nom`,`prenom`,`email`,`telephone`,`code_pays`,`created`,`modified`,`photo_id`) values (762,NULL,NULL,'vanessa.marchand00@orange.fr',NULL,NULL,'2018-07-23 10:38:22','2018-07-23 10:38:22',2128);
insert  into `contacts`(`id`,`nom`,`prenom`,`email`,`telephone`,`code_pays`,`created`,`modified`,`photo_id`) values (763,NULL,NULL,'gerard29@free.fr',NULL,NULL,'2018-07-23 10:38:23','2018-07-23 10:38:23',2130);
insert  into `contacts`(`id`,`nom`,`prenom`,`email`,`telephone`,`code_pays`,`created`,`modified`,`photo_id`) values (764,NULL,NULL,'isathuault@free.fr',NULL,NULL,'2018-07-23 10:38:23','2018-07-23 10:38:23',2131);
insert  into `contacts`(`id`,`nom`,`prenom`,`email`,`telephone`,`code_pays`,`created`,`modified`,`photo_id`) values (765,NULL,NULL,'valerie.savin@bbox.fr',NULL,NULL,'2018-07-23 10:38:23','2018-07-23 10:38:23',2132);
insert  into `contacts`(`id`,`nom`,`prenom`,`email`,`telephone`,`code_pays`,`created`,`modified`,`photo_id`) values (766,NULL,NULL,'kauffret@hotmail.com',NULL,NULL,'2018-07-23 10:38:24','2018-07-23 10:38:24',2134);
insert  into `contacts`(`id`,`nom`,`prenom`,`email`,`telephone`,`code_pays`,`created`,`modified`,`photo_id`) values (767,NULL,NULL,'enguerrand.camenen29270@gmail.com',NULL,NULL,'2018-07-23 10:38:24','2018-07-23 10:38:24',2135);
insert  into `contacts`(`id`,`nom`,`prenom`,`email`,`telephone`,`code_pays`,`created`,`modified`,`photo_id`) values (768,NULL,NULL,'cynthia095@hotmail.fr',NULL,NULL,'2018-07-23 10:38:24','2018-07-23 10:38:24',2136);
insert  into `contacts`(`id`,`nom`,`prenom`,`email`,`telephone`,`code_pays`,`created`,`modified`,`photo_id`) values (769,NULL,NULL,'yanis.s@me.com',NULL,NULL,'2018-07-23 10:38:24','2018-07-23 10:38:24',2137);
insert  into `contacts`(`id`,`nom`,`prenom`,`email`,`telephone`,`code_pays`,`created`,`modified`,`photo_id`) values (770,NULL,NULL,'salome.douguet@gmail.com',NULL,NULL,'2018-07-23 10:38:25','2018-07-23 10:38:25',2138);
insert  into `contacts`(`id`,`nom`,`prenom`,`email`,`telephone`,`code_pays`,`created`,`modified`,`photo_id`) values (771,NULL,NULL,'anais.leforestier35@laposte.com',NULL,NULL,'2018-07-23 10:38:25','2018-07-23 10:38:25',2139);
insert  into `contacts`(`id`,`nom`,`prenom`,`email`,`telephone`,`code_pays`,`created`,`modified`,`photo_id`) values (772,NULL,NULL,'lilivince22@gmail.com',NULL,NULL,'2018-07-23 10:38:26','2018-07-23 10:38:26',2140);
insert  into `contacts`(`id`,`nom`,`prenom`,`email`,`telephone`,`code_pays`,`created`,`modified`,`photo_id`) values (773,NULL,NULL,'olivier.quentric@legouessant.fr',NULL,NULL,'2018-07-23 10:38:26','2018-07-23 10:38:26',2141);
insert  into `contacts`(`id`,`nom`,`prenom`,`email`,`telephone`,`code_pays`,`created`,`modified`,`photo_id`) values (774,NULL,NULL,'gaelle.tasset@orange.fr',NULL,NULL,'2018-07-23 10:38:26','2018-07-23 10:38:26',2142);
insert  into `contacts`(`id`,`nom`,`prenom`,`email`,`telephone`,`code_pays`,`created`,`modified`,`photo_id`) values (775,NULL,NULL,'toto.tranquil29@hotmail.fr',NULL,NULL,'2018-07-23 10:38:26','2018-07-23 10:38:26',2143);
insert  into `contacts`(`id`,`nom`,`prenom`,`email`,`telephone`,`code_pays`,`created`,`modified`,`photo_id`) values (776,NULL,NULL,'stephane.dantec0212@orange.fr',NULL,NULL,'2018-07-23 10:38:27','2018-07-23 10:38:27',2144);
insert  into `contacts`(`id`,`nom`,`prenom`,`email`,`telephone`,`code_pays`,`created`,`modified`,`photo_id`) values (777,NULL,NULL,'wlj@free.fr',NULL,NULL,'2018-07-23 10:38:27','2018-07-23 10:38:27',2145);
insert  into `contacts`(`id`,`nom`,`prenom`,`email`,`telephone`,`code_pays`,`created`,`modified`,`photo_id`) values (778,NULL,NULL,'leportveronique29@gmail.com',NULL,NULL,'2018-07-23 10:38:27','2018-07-23 10:38:27',2146);
insert  into `contacts`(`id`,`nom`,`prenom`,`email`,`telephone`,`code_pays`,`created`,`modified`,`photo_id`) values (779,NULL,NULL,'acochennec@free.fr',NULL,NULL,'2018-07-23 10:38:27','2018-07-23 10:38:27',2147);
insert  into `contacts`(`id`,`nom`,`prenom`,`email`,`telephone`,`code_pays`,`created`,`modified`,`photo_id`) values (780,NULL,NULL,'perrot.fred@free.fr',NULL,NULL,'2018-07-23 10:38:27','2018-07-23 10:38:27',2148);
insert  into `contacts`(`id`,`nom`,`prenom`,`email`,`telephone`,`code_pays`,`created`,`modified`,`photo_id`) values (781,NULL,NULL,'bothorel.yann@laposte.net',NULL,NULL,'2018-07-23 10:38:28','2018-07-23 10:38:28',2149);
insert  into `contacts`(`id`,`nom`,`prenom`,`email`,`telephone`,`code_pays`,`created`,`modified`,`photo_id`) values (782,NULL,NULL,'roue.henri@wanadoo.fr',NULL,NULL,'2018-07-23 10:38:28','2018-07-23 10:38:28',2150);
insert  into `contacts`(`id`,`nom`,`prenom`,`email`,`telephone`,`code_pays`,`created`,`modified`,`photo_id`) values (783,NULL,NULL,'perforant@free.fr',NULL,NULL,'2018-07-23 10:38:28','2018-07-23 10:38:28',2151);
insert  into `contacts`(`id`,`nom`,`prenom`,`email`,`telephone`,`code_pays`,`created`,`modified`,`photo_id`) values (784,NULL,NULL,'lereste.herve@gmail.com',NULL,NULL,'2018-07-23 10:38:29','2018-07-23 10:38:29',2152);
insert  into `contacts`(`id`,`nom`,`prenom`,`email`,`telephone`,`code_pays`,`created`,`modified`,`photo_id`) values (785,NULL,NULL,'bagotj@yahoo.fr',NULL,NULL,'2018-07-23 10:38:29','2018-07-23 10:38:29',2153);
insert  into `contacts`(`id`,`nom`,`prenom`,`email`,`telephone`,`code_pays`,`created`,`modified`,`photo_id`) values (786,NULL,NULL,'dmo44@sfr.fr',NULL,NULL,'2018-07-23 10:38:29','2018-07-23 10:38:29',2154);
insert  into `contacts`(`id`,`nom`,`prenom`,`email`,`telephone`,`code_pays`,`created`,`modified`,`photo_id`) values (787,NULL,NULL,'johann.abbe@wanadoo.fr',NULL,NULL,'2018-07-23 10:38:30','2018-07-23 10:38:30',2156);
insert  into `contacts`(`id`,`nom`,`prenom`,`email`,`telephone`,`code_pays`,`created`,`modified`,`photo_id`) values (788,NULL,NULL,'jdubois@free.fr',NULL,NULL,'2018-07-23 10:38:30','2018-07-23 10:38:30',2157);
insert  into `contacts`(`id`,`nom`,`prenom`,`email`,`telephone`,`code_pays`,`created`,`modified`,`photo_id`) values (789,NULL,NULL,'robin.veaudecrenne@gmail.com',NULL,NULL,'2018-07-23 10:38:31','2018-07-23 10:38:31',2158);
insert  into `contacts`(`id`,`nom`,`prenom`,`email`,`telephone`,`code_pays`,`created`,`modified`,`photo_id`) values (790,NULL,NULL,'pmalgorn@yahoo.fr',NULL,NULL,'2018-07-23 10:38:31','2018-07-23 10:38:31',2159);
insert  into `contacts`(`id`,`nom`,`prenom`,`email`,`telephone`,`code_pays`,`created`,`modified`,`photo_id`) values (791,NULL,NULL,'hamelpauline9122@gmail.com',NULL,NULL,'2018-07-23 10:38:31','2018-07-23 10:38:31',2160);
insert  into `contacts`(`id`,`nom`,`prenom`,`email`,`telephone`,`code_pays`,`created`,`modified`,`photo_id`) values (792,NULL,NULL,'ireneboulzennec@live.fr',NULL,NULL,'2018-07-23 10:38:31','2018-07-23 10:38:31',2161);
insert  into `contacts`(`id`,`nom`,`prenom`,`email`,`telephone`,`code_pays`,`created`,`modified`,`photo_id`) values (793,NULL,NULL,'sofyk@free.fr',NULL,NULL,'2018-07-23 10:38:32','2018-07-23 10:38:32',2162);
insert  into `contacts`(`id`,`nom`,`prenom`,`email`,`telephone`,`code_pays`,`created`,`modified`,`photo_id`) values (794,NULL,NULL,'catherine.sene@ac-rennes.fr',NULL,NULL,'2018-07-23 10:38:32','2018-07-23 10:38:32',2163);
insert  into `contacts`(`id`,`nom`,`prenom`,`email`,`telephone`,`code_pays`,`created`,`modified`,`photo_id`) values (795,NULL,NULL,'lulu_2_9@hotmail.com',NULL,NULL,'2018-07-23 10:38:32','2018-07-23 10:38:32',2164);
insert  into `contacts`(`id`,`nom`,`prenom`,`email`,`telephone`,`code_pays`,`created`,`modified`,`photo_id`) values (796,NULL,NULL,'sophie.guyader@hotmail.fr',NULL,NULL,'2018-07-23 10:38:32','2018-07-23 10:38:32',2165);
insert  into `contacts`(`id`,`nom`,`prenom`,`email`,`telephone`,`code_pays`,`created`,`modified`,`photo_id`) values (797,NULL,NULL,'katellogor@gmail.com',NULL,NULL,'2018-07-23 10:38:33','2018-07-23 10:38:33',2166);
insert  into `contacts`(`id`,`nom`,`prenom`,`email`,`telephone`,`code_pays`,`created`,`modified`,`photo_id`) values (798,NULL,NULL,'verolb29@gmail.com',NULL,NULL,'2018-07-23 10:38:33','2018-07-23 10:38:33',2167);
insert  into `contacts`(`id`,`nom`,`prenom`,`email`,`telephone`,`code_pays`,`created`,`modified`,`photo_id`) values (799,NULL,NULL,'sebastien.herve27@sfr.fr',NULL,NULL,'2018-07-23 10:38:34','2018-07-23 10:38:34',2168);
insert  into `contacts`(`id`,`nom`,`prenom`,`email`,`telephone`,`code_pays`,`created`,`modified`,`photo_id`) values (800,NULL,NULL,'veroniquecrespel@gmail.com',NULL,NULL,'2018-07-23 10:38:34','2018-07-23 10:38:34',2169);
insert  into `contacts`(`id`,`nom`,`prenom`,`email`,`telephone`,`code_pays`,`created`,`modified`,`photo_id`) values (801,NULL,NULL,'brigitte.lebouil@gmail.com',NULL,NULL,'2018-07-23 10:38:34','2018-07-23 10:38:34',2170);
insert  into `contacts`(`id`,`nom`,`prenom`,`email`,`telephone`,`code_pays`,`created`,`modified`,`photo_id`) values (802,NULL,NULL,'guillaumetruong@orange.fr',NULL,NULL,'2018-07-23 10:38:34','2018-07-23 10:38:34',2171);
insert  into `contacts`(`id`,`nom`,`prenom`,`email`,`telephone`,`code_pays`,`created`,`modified`,`photo_id`) values (803,NULL,NULL,'bettina.lenezet@yahoo.fr',NULL,NULL,'2018-07-23 10:38:34','2018-07-23 10:38:34',2172);
insert  into `contacts`(`id`,`nom`,`prenom`,`email`,`telephone`,`code_pays`,`created`,`modified`,`photo_id`) values (804,NULL,NULL,'marie.balmale@icloud.com',NULL,NULL,'2018-07-23 10:38:35','2018-07-23 10:38:35',2173);
insert  into `contacts`(`id`,`nom`,`prenom`,`email`,`telephone`,`code_pays`,`created`,`modified`,`photo_id`) values (805,NULL,NULL,'rachelletexier@orange.fr',NULL,NULL,'2018-07-23 10:38:35','2018-07-23 10:38:35',2174);
insert  into `contacts`(`id`,`nom`,`prenom`,`email`,`telephone`,`code_pays`,`created`,`modified`,`photo_id`) values (806,NULL,NULL,'alecordier50@gmail.com',NULL,NULL,'2018-07-23 10:38:35','2018-07-23 10:38:35',2175);
insert  into `contacts`(`id`,`nom`,`prenom`,`email`,`telephone`,`code_pays`,`created`,`modified`,`photo_id`) values (807,NULL,NULL,'robert-cynthia@laposte.net',NULL,NULL,'2018-07-23 10:38:35','2018-07-23 10:38:35',2176);
insert  into `contacts`(`id`,`nom`,`prenom`,`email`,`telephone`,`code_pays`,`created`,`modified`,`photo_id`) values (808,NULL,NULL,'stephanie.garo@laposte.net',NULL,NULL,'2018-07-23 10:38:36','2018-07-23 10:38:36',2178);
insert  into `contacts`(`id`,`nom`,`prenom`,`email`,`telephone`,`code_pays`,`created`,`modified`,`photo_id`) values (809,NULL,NULL,'lola.caille13@gmail.com',NULL,NULL,'2018-07-23 10:38:36','2018-07-23 10:38:36',2179);
insert  into `contacts`(`id`,`nom`,`prenom`,`email`,`telephone`,`code_pays`,`created`,`modified`,`photo_id`) values (810,NULL,NULL,'nathalie.gosselin@yahoo.com',NULL,NULL,'2018-07-23 10:38:37','2018-07-23 10:38:37',2180);
insert  into `contacts`(`id`,`nom`,`prenom`,`email`,`telephone`,`code_pays`,`created`,`modified`,`photo_id`) values (811,NULL,NULL,'lydieguilloto@gmail.com',NULL,NULL,'2018-07-23 10:38:37','2018-07-23 10:38:37',2181);
insert  into `contacts`(`id`,`nom`,`prenom`,`email`,`telephone`,`code_pays`,`created`,`modified`,`photo_id`) values (812,NULL,NULL,'leyoyo.carhaix@gmail.com',NULL,NULL,'2018-07-23 10:38:37','2018-07-23 10:38:37',2183);
insert  into `contacts`(`id`,`nom`,`prenom`,`email`,`telephone`,`code_pays`,`created`,`modified`,`photo_id`) values (813,NULL,NULL,'pauline.jouin20@laposte.net',NULL,NULL,'2018-07-23 10:38:37','2018-07-23 10:38:37',2184);
insert  into `contacts`(`id`,`nom`,`prenom`,`email`,`telephone`,`code_pays`,`created`,`modified`,`photo_id`) values (814,NULL,NULL,'marc.leray3@wanadoo.fr',NULL,NULL,'2018-07-23 10:38:37','2018-07-23 10:38:37',2185);
insert  into `contacts`(`id`,`nom`,`prenom`,`email`,`telephone`,`code_pays`,`created`,`modified`,`photo_id`) values (815,NULL,NULL,'gueguenchristophe20@gmail.com',NULL,NULL,'2018-07-23 10:38:38','2018-07-23 10:38:38',2186);
insert  into `contacts`(`id`,`nom`,`prenom`,`email`,`telephone`,`code_pays`,`created`,`modified`,`photo_id`) values (816,NULL,NULL,'jaballea@yahoo.fr',NULL,NULL,'2018-07-23 10:38:38','2018-07-23 10:38:38',2187);
insert  into `contacts`(`id`,`nom`,`prenom`,`email`,`telephone`,`code_pays`,`created`,`modified`,`photo_id`) values (817,NULL,NULL,'g.mabit@hotmail.fr',NULL,NULL,'2018-07-23 10:38:38','2018-07-23 10:38:38',2188);
insert  into `contacts`(`id`,`nom`,`prenom`,`email`,`telephone`,`code_pays`,`created`,`modified`,`photo_id`) values (818,NULL,NULL,'fgarcin29@gmail.com',NULL,NULL,'2018-07-23 10:38:39','2018-07-23 10:38:39',2189);
insert  into `contacts`(`id`,`nom`,`prenom`,`email`,`telephone`,`code_pays`,`created`,`modified`,`photo_id`) values (819,NULL,NULL,'symon50@hotmail.fr',NULL,NULL,'2018-07-23 10:38:39','2018-07-23 10:38:39',2190);
insert  into `contacts`(`id`,`nom`,`prenom`,`email`,`telephone`,`code_pays`,`created`,`modified`,`photo_id`) values (820,NULL,NULL,'gaste.corentin@orange.fr',NULL,NULL,'2018-07-23 10:38:39','2018-07-23 10:38:39',2191);
insert  into `contacts`(`id`,`nom`,`prenom`,`email`,`telephone`,`code_pays`,`created`,`modified`,`photo_id`) values (821,NULL,NULL,'gerard.routier@legouessant.fr',NULL,NULL,'2018-07-23 10:38:39','2018-07-23 10:38:39',2192);
insert  into `contacts`(`id`,`nom`,`prenom`,`email`,`telephone`,`code_pays`,`created`,`modified`,`photo_id`) values (822,NULL,NULL,'ckperesse@free.fr',NULL,NULL,'2018-07-23 10:38:39','2018-07-23 10:38:39',2193);
insert  into `contacts`(`id`,`nom`,`prenom`,`email`,`telephone`,`code_pays`,`created`,`modified`,`photo_id`) values (823,NULL,NULL,'thivat@laposte.net',NULL,NULL,'2018-07-23 10:38:39','2018-07-23 10:38:39',2194);
insert  into `contacts`(`id`,`nom`,`prenom`,`email`,`telephone`,`code_pays`,`created`,`modified`,`photo_id`) values (824,NULL,NULL,'sylvain.le-coz29@orange.fr',NULL,NULL,'2018-07-23 10:38:40','2018-07-23 10:38:40',2195);
insert  into `contacts`(`id`,`nom`,`prenom`,`email`,`telephone`,`code_pays`,`created`,`modified`,`photo_id`) values (825,NULL,NULL,'nic.lb29@gmail.com',NULL,NULL,'2018-07-23 10:38:40','2018-07-23 10:38:40',2196);
insert  into `contacts`(`id`,`nom`,`prenom`,`email`,`telephone`,`code_pays`,`created`,`modified`,`photo_id`) values (826,NULL,NULL,'corbel.e@wanadoo.fr',NULL,NULL,'2018-07-23 10:38:40','2018-07-23 10:38:40',2197);
insert  into `contacts`(`id`,`nom`,`prenom`,`email`,`telephone`,`code_pays`,`created`,`modified`,`photo_id`) values (827,NULL,NULL,'bea.briant@yahoo.fr',NULL,NULL,'2018-07-23 10:38:41','2018-07-23 10:38:41',2198);
insert  into `contacts`(`id`,`nom`,`prenom`,`email`,`telephone`,`code_pays`,`created`,`modified`,`photo_id`) values (828,NULL,NULL,'familletravel@mac.com',NULL,NULL,'2018-07-23 10:38:41','2018-07-23 10:38:41',2199);
insert  into `contacts`(`id`,`nom`,`prenom`,`email`,`telephone`,`code_pays`,`created`,`modified`,`photo_id`) values (829,NULL,NULL,'c.marhic@hotmail.fr',NULL,NULL,'2018-07-23 10:38:41','2018-07-23 10:38:41',2201);
insert  into `contacts`(`id`,`nom`,`prenom`,`email`,`telephone`,`code_pays`,`created`,`modified`,`photo_id`) values (830,NULL,NULL,'laurencepatriarca@hotmail.fr',NULL,NULL,'2018-07-23 10:38:42','2018-07-23 10:38:42',2202);
insert  into `contacts`(`id`,`nom`,`prenom`,`email`,`telephone`,`code_pays`,`created`,`modified`,`photo_id`) values (831,NULL,NULL,'reguerg22@laposte.nt',NULL,NULL,'2018-07-23 10:38:42','2018-07-23 10:38:42',2203);
insert  into `contacts`(`id`,`nom`,`prenom`,`email`,`telephone`,`code_pays`,`created`,`modified`,`photo_id`) values (832,NULL,NULL,'marie.tanguyleguennou@gmail.com',NULL,NULL,'2018-07-23 10:38:42','2018-07-23 10:38:42',2204);
insert  into `contacts`(`id`,`nom`,`prenom`,`email`,`telephone`,`code_pays`,`created`,`modified`,`photo_id`) values (833,NULL,NULL,'bleuzen.laurence@sfr.fr',NULL,NULL,'2018-07-23 10:38:42','2018-07-23 10:38:42',2205);
insert  into `contacts`(`id`,`nom`,`prenom`,`email`,`telephone`,`code_pays`,`created`,`modified`,`photo_id`) values (834,NULL,NULL,'gui.tine@orange.fr',NULL,NULL,'2018-07-23 10:38:43','2018-07-23 10:38:43',2206);
insert  into `contacts`(`id`,`nom`,`prenom`,`email`,`telephone`,`code_pays`,`created`,`modified`,`photo_id`) values (835,NULL,NULL,'ludivine.legars@gmail.com',NULL,NULL,'2018-07-23 10:38:43','2018-07-23 10:38:43',2207);
insert  into `contacts`(`id`,`nom`,`prenom`,`email`,`telephone`,`code_pays`,`created`,`modified`,`photo_id`) values (836,NULL,NULL,'aur2lie.mahe@gmail.com',NULL,NULL,'2018-07-23 10:38:43','2018-07-23 10:38:43',2208);
insert  into `contacts`(`id`,`nom`,`prenom`,`email`,`telephone`,`code_pays`,`created`,`modified`,`photo_id`) values (837,NULL,NULL,'samuel.rattier67@gmail.com',NULL,NULL,'2018-07-23 10:38:43','2018-07-23 10:38:43',2209);
insert  into `contacts`(`id`,`nom`,`prenom`,`email`,`telephone`,`code_pays`,`created`,`modified`,`photo_id`) values (838,NULL,NULL,'julien161616@yahoo.fr',NULL,NULL,'2018-07-23 10:38:44','2018-07-23 10:38:44',2211);
insert  into `contacts`(`id`,`nom`,`prenom`,`email`,`telephone`,`code_pays`,`created`,`modified`,`photo_id`) values (839,NULL,NULL,'yael.benahim@laposte.net',NULL,NULL,'2018-07-23 10:38:44','2018-07-23 10:38:44',2212);
insert  into `contacts`(`id`,`nom`,`prenom`,`email`,`telephone`,`code_pays`,`created`,`modified`,`photo_id`) values (840,NULL,NULL,'thibault.bourjaillat@wanadoo.fr',NULL,NULL,'2018-07-23 10:38:44','2018-07-23 10:38:44',2213);
insert  into `contacts`(`id`,`nom`,`prenom`,`email`,`telephone`,`code_pays`,`created`,`modified`,`photo_id`) values (841,NULL,NULL,'nyapou@hotmail.fr',NULL,NULL,'2018-07-23 10:38:45','2018-07-23 10:38:45',2214);
insert  into `contacts`(`id`,`nom`,`prenom`,`email`,`telephone`,`code_pays`,`created`,`modified`,`photo_id`) values (842,NULL,NULL,'ds.monat@free.fr',NULL,NULL,'2018-07-23 10:38:45','2018-07-23 10:38:45',2215);
insert  into `contacts`(`id`,`nom`,`prenom`,`email`,`telephone`,`code_pays`,`created`,`modified`,`photo_id`) values (843,NULL,NULL,'nicclac@hotmail.com',NULL,NULL,'2018-07-23 10:38:45','2018-07-23 10:38:45',2216);
insert  into `contacts`(`id`,`nom`,`prenom`,`email`,`telephone`,`code_pays`,`created`,`modified`,`photo_id`) values (844,NULL,NULL,'julie.cognet11@gmail.com',NULL,NULL,'2018-07-23 10:38:45','2018-07-23 10:38:45',2217);
insert  into `contacts`(`id`,`nom`,`prenom`,`email`,`telephone`,`code_pays`,`created`,`modified`,`photo_id`) values (845,NULL,NULL,'valerig29@tipost.bzh',NULL,NULL,'2018-07-23 10:38:46','2018-07-23 10:38:46',2218);
insert  into `contacts`(`id`,`nom`,`prenom`,`email`,`telephone`,`code_pays`,`created`,`modified`,`photo_id`) values (846,NULL,NULL,'joelle.bauer22@orange.fr',NULL,NULL,'2018-07-23 10:38:46','2018-07-23 10:38:46',2219);
insert  into `contacts`(`id`,`nom`,`prenom`,`email`,`telephone`,`code_pays`,`created`,`modified`,`photo_id`) values (847,NULL,NULL,'misyzabel@gmail.com',NULL,NULL,'2018-07-23 10:38:47','2018-07-23 10:38:47',2223);
insert  into `contacts`(`id`,`nom`,`prenom`,`email`,`telephone`,`code_pays`,`created`,`modified`,`photo_id`) values (848,NULL,NULL,'sonia.danielou@gmail.com',NULL,NULL,'2018-07-23 10:38:47','2018-07-23 10:38:47',2224);
insert  into `contacts`(`id`,`nom`,`prenom`,`email`,`telephone`,`code_pays`,`created`,`modified`,`photo_id`) values (849,NULL,NULL,'louise.jegard@gmail.com',NULL,NULL,'2018-07-23 10:38:47','2018-07-23 10:38:47',2225);
insert  into `contacts`(`id`,`nom`,`prenom`,`email`,`telephone`,`code_pays`,`created`,`modified`,`photo_id`) values (850,NULL,NULL,'langellathomas@gmail.com',NULL,NULL,'2018-07-23 10:38:48','2018-07-23 10:38:48',2226);
insert  into `contacts`(`id`,`nom`,`prenom`,`email`,`telephone`,`code_pays`,`created`,`modified`,`photo_id`) values (851,NULL,NULL,'sarah.lalande@live.fr',NULL,NULL,'2018-07-23 10:38:48','2018-07-23 10:38:48',2227);
insert  into `contacts`(`id`,`nom`,`prenom`,`email`,`telephone`,`code_pays`,`created`,`modified`,`photo_id`) values (852,NULL,NULL,'tif.letendre@yahoo.fr',NULL,NULL,'2018-07-23 10:38:48','2018-07-23 10:38:48',2228);
insert  into `contacts`(`id`,`nom`,`prenom`,`email`,`telephone`,`code_pays`,`created`,`modified`,`photo_id`) values (853,NULL,NULL,'fbrochet@wanadoo.fr',NULL,NULL,'2018-07-23 10:38:48','2018-07-23 10:38:48',2229);
insert  into `contacts`(`id`,`nom`,`prenom`,`email`,`telephone`,`code_pays`,`created`,`modified`,`photo_id`) values (854,NULL,NULL,'brieuc.henry@laposte.net',NULL,NULL,'2018-07-23 10:38:49','2018-07-23 10:38:49',2230);
insert  into `contacts`(`id`,`nom`,`prenom`,`email`,`telephone`,`code_pays`,`created`,`modified`,`photo_id`) values (855,NULL,NULL,'th.magueur@gmail.com',NULL,NULL,'2018-07-23 10:38:49','2018-07-23 10:38:49',2232);
insert  into `contacts`(`id`,`nom`,`prenom`,`email`,`telephone`,`code_pays`,`created`,`modified`,`photo_id`) values (856,NULL,NULL,'alienor.olivier@free.fr',NULL,NULL,'2018-07-23 10:38:49','2018-07-23 10:38:49',2234);
insert  into `contacts`(`id`,`nom`,`prenom`,`email`,`telephone`,`code_pays`,`created`,`modified`,`photo_id`) values (857,NULL,NULL,'eloise.leporcher@syproporcs.com',NULL,NULL,'2018-07-23 10:38:49','2018-07-23 10:38:49',2235);
insert  into `contacts`(`id`,`nom`,`prenom`,`email`,`telephone`,`code_pays`,`created`,`modified`,`photo_id`) values (858,NULL,NULL,'solene.guervenou@sfr.fr',NULL,NULL,'2018-07-23 10:38:50','2018-07-23 10:38:50',2236);
insert  into `contacts`(`id`,`nom`,`prenom`,`email`,`telephone`,`code_pays`,`created`,`modified`,`photo_id`) values (859,NULL,NULL,'fraboulet.virginie@gmail.com',NULL,NULL,'2018-07-23 10:38:50','2018-07-23 10:38:50',2237);
insert  into `contacts`(`id`,`nom`,`prenom`,`email`,`telephone`,`code_pays`,`created`,`modified`,`photo_id`) values (860,NULL,NULL,'remi.knaff@gmail.com',NULL,NULL,'2018-07-23 10:38:51','2018-07-23 10:38:51',2239);
insert  into `contacts`(`id`,`nom`,`prenom`,`email`,`telephone`,`code_pays`,`created`,`modified`,`photo_id`) values (861,NULL,NULL,'victoria.cabon@gmail.com',NULL,NULL,'2018-07-23 10:38:52','2018-07-23 10:38:52',2240);
insert  into `contacts`(`id`,`nom`,`prenom`,`email`,`telephone`,`code_pays`,`created`,`modified`,`photo_id`) values (862,NULL,NULL,'hugo.ansquer9@gmail.com',NULL,NULL,'2018-07-23 10:38:52','2018-07-23 10:38:52',2241);
insert  into `contacts`(`id`,`nom`,`prenom`,`email`,`telephone`,`code_pays`,`created`,`modified`,`photo_id`) values (863,NULL,NULL,'nicolas.caals@hotmail.fr',NULL,NULL,'2018-07-23 10:38:52','2018-07-23 10:38:52',2242);
insert  into `contacts`(`id`,`nom`,`prenom`,`email`,`telephone`,`code_pays`,`created`,`modified`,`photo_id`) values (864,NULL,NULL,'hbilhac@hotmail.com',NULL,NULL,'2018-07-23 10:38:53','2018-07-23 10:38:53',2244);
insert  into `contacts`(`id`,`nom`,`prenom`,`email`,`telephone`,`code_pays`,`created`,`modified`,`photo_id`) values (865,NULL,NULL,'margot.andre35000@gmail.com',NULL,NULL,'2018-07-23 10:38:53','2018-07-23 10:38:53',2247);
insert  into `contacts`(`id`,`nom`,`prenom`,`email`,`telephone`,`code_pays`,`created`,`modified`,`photo_id`) values (866,NULL,NULL,'camillemarc@orange.fr',NULL,NULL,'2018-07-23 10:38:53','2018-07-23 10:38:53',2248);
insert  into `contacts`(`id`,`nom`,`prenom`,`email`,`telephone`,`code_pays`,`created`,`modified`,`photo_id`) values (867,NULL,NULL,'emmama.lorcy@hotmail.fr',NULL,NULL,'2018-07-23 10:38:54','2018-07-23 10:38:54',2251);
insert  into `contacts`(`id`,`nom`,`prenom`,`email`,`telephone`,`code_pays`,`created`,`modified`,`photo_id`) values (868,NULL,NULL,'lou.retureau@orange.fr',NULL,NULL,'2018-07-23 10:38:55','2018-07-23 10:38:55',2252);
insert  into `contacts`(`id`,`nom`,`prenom`,`email`,`telephone`,`code_pays`,`created`,`modified`,`photo_id`) values (869,NULL,NULL,'malo-g22@hotmail.fr',NULL,NULL,'2018-07-23 10:38:55','2018-07-23 10:38:55',2253);
insert  into `contacts`(`id`,`nom`,`prenom`,`email`,`telephone`,`code_pays`,`created`,`modified`,`photo_id`) values (870,NULL,NULL,'liladu29@live.fr',NULL,NULL,'2018-07-23 10:38:55','2018-07-23 10:38:55',2254);
insert  into `contacts`(`id`,`nom`,`prenom`,`email`,`telephone`,`code_pays`,`created`,`modified`,`photo_id`) values (871,NULL,NULL,'emma.vauquelin@sfr.fr',NULL,NULL,'2018-07-23 10:38:55','2018-07-23 10:38:55',2255);
insert  into `contacts`(`id`,`nom`,`prenom`,`email`,`telephone`,`code_pays`,`created`,`modified`,`photo_id`) values (872,NULL,NULL,'lp.veral@gmail.com',NULL,NULL,'2018-07-23 10:38:55','2018-07-23 10:38:55',2256);
insert  into `contacts`(`id`,`nom`,`prenom`,`email`,`telephone`,`code_pays`,`created`,`modified`,`photo_id`) values (873,NULL,NULL,'zbouby@me.com',NULL,NULL,'2018-07-23 10:38:56','2018-07-23 10:38:56',2257);
insert  into `contacts`(`id`,`nom`,`prenom`,`email`,`telephone`,`code_pays`,`created`,`modified`,`photo_id`) values (874,NULL,NULL,'emilie.herouard@yahoo.fr',NULL,NULL,'2018-07-23 10:38:57','2018-07-23 10:38:57',2259);
insert  into `contacts`(`id`,`nom`,`prenom`,`email`,`telephone`,`code_pays`,`created`,`modified`,`photo_id`) values (875,NULL,NULL,'lcorfa@hotmail.com',NULL,NULL,'2018-07-23 10:38:57','2018-07-23 10:38:57',2260);
insert  into `contacts`(`id`,`nom`,`prenom`,`email`,`telephone`,`code_pays`,`created`,`modified`,`photo_id`) values (876,NULL,NULL,'alexiane.javelot@gmail.com',NULL,NULL,'2018-07-23 10:38:57','2018-07-23 10:38:57',2261);
insert  into `contacts`(`id`,`nom`,`prenom`,`email`,`telephone`,`code_pays`,`created`,`modified`,`photo_id`) values (877,NULL,NULL,'grazie25@hotmail.fr',NULL,NULL,'2018-07-23 10:38:57','2018-07-23 10:38:57',2262);
insert  into `contacts`(`id`,`nom`,`prenom`,`email`,`telephone`,`code_pays`,`created`,`modified`,`photo_id`) values (878,NULL,NULL,'maelysbevan@hotmail.fr',NULL,NULL,'2018-07-23 10:38:58','2018-07-23 10:38:58',2264);
insert  into `contacts`(`id`,`nom`,`prenom`,`email`,`telephone`,`code_pays`,`created`,`modified`,`photo_id`) values (879,NULL,NULL,'sandrinesuteau@yahoo.fr',NULL,NULL,'2018-07-23 10:38:58','2018-07-23 10:38:58',2265);
insert  into `contacts`(`id`,`nom`,`prenom`,`email`,`telephone`,`code_pays`,`created`,`modified`,`photo_id`) values (880,NULL,NULL,'rodolphe.nerot@free.fr',NULL,NULL,'2018-07-23 10:38:58','2018-07-23 10:38:58',2266);
insert  into `contacts`(`id`,`nom`,`prenom`,`email`,`telephone`,`code_pays`,`created`,`modified`,`photo_id`) values (881,NULL,NULL,'justinekernoa@laposte.net',NULL,NULL,'2018-07-23 10:38:59','2018-07-23 10:38:59',2267);
insert  into `contacts`(`id`,`nom`,`prenom`,`email`,`telephone`,`code_pays`,`created`,`modified`,`photo_id`) values (882,NULL,NULL,'kristof.bintner@gmail.com',NULL,NULL,'2018-07-23 10:38:59','2018-07-23 10:38:59',2268);
insert  into `contacts`(`id`,`nom`,`prenom`,`email`,`telephone`,`code_pays`,`created`,`modified`,`photo_id`) values (883,NULL,NULL,'francois.thibaud49@gmail.com',NULL,NULL,'2018-07-23 10:38:59','2018-07-23 10:38:59',2269);
insert  into `contacts`(`id`,`nom`,`prenom`,`email`,`telephone`,`code_pays`,`created`,`modified`,`photo_id`) values (884,NULL,NULL,'clemence.brochard56@orange.fr',NULL,NULL,'2018-07-23 10:39:00','2018-07-23 10:39:00',2270);
insert  into `contacts`(`id`,`nom`,`prenom`,`email`,`telephone`,`code_pays`,`created`,`modified`,`photo_id`) values (885,NULL,NULL,'alliot.roberte@gmail.com',NULL,NULL,'2018-07-23 10:39:01','2018-07-23 10:39:01',2271);
insert  into `contacts`(`id`,`nom`,`prenom`,`email`,`telephone`,`code_pays`,`created`,`modified`,`photo_id`) values (886,NULL,NULL,'famillevieux73@aol.com',NULL,NULL,'2018-07-23 10:39:01','2018-07-23 10:39:01',2272);
insert  into `contacts`(`id`,`nom`,`prenom`,`email`,`telephone`,`code_pays`,`created`,`modified`,`photo_id`) values (887,NULL,NULL,'rtreguilly35@gmail.com',NULL,NULL,'2018-07-23 10:39:01','2018-07-23 10:39:01',2274);
insert  into `contacts`(`id`,`nom`,`prenom`,`email`,`telephone`,`code_pays`,`created`,`modified`,`photo_id`) values (888,NULL,NULL,'leane.morvan@gmail.com',NULL,NULL,'2018-07-23 10:39:02','2018-07-23 10:39:02',2275);
insert  into `contacts`(`id`,`nom`,`prenom`,`email`,`telephone`,`code_pays`,`created`,`modified`,`photo_id`) values (889,NULL,NULL,'tristan.creff@gmail.com',NULL,NULL,'2018-07-23 10:39:02','2018-07-23 10:39:02',2276);
insert  into `contacts`(`id`,`nom`,`prenom`,`email`,`telephone`,`code_pays`,`created`,`modified`,`photo_id`) values (890,NULL,NULL,'salaun.catherine@gmail.com',NULL,NULL,'2018-07-23 10:39:03','2018-07-23 10:39:03',2278);
insert  into `contacts`(`id`,`nom`,`prenom`,`email`,`telephone`,`code_pays`,`created`,`modified`,`photo_id`) values (891,NULL,NULL,'supersev@orange.fr',NULL,NULL,'2018-07-23 10:39:03','2018-07-23 10:39:03',2279);
insert  into `contacts`(`id`,`nom`,`prenom`,`email`,`telephone`,`code_pays`,`created`,`modified`,`photo_id`) values (892,NULL,NULL,'fabien.vautrin88@gmail.com',NULL,NULL,'2018-07-23 10:39:03','2018-07-23 10:39:03',2280);
insert  into `contacts`(`id`,`nom`,`prenom`,`email`,`telephone`,`code_pays`,`created`,`modified`,`photo_id`) values (893,NULL,NULL,'kermarec.tiphaine@orange.fr',NULL,NULL,'2018-07-23 10:39:03','2018-07-23 10:39:03',2281);
insert  into `contacts`(`id`,`nom`,`prenom`,`email`,`telephone`,`code_pays`,`created`,`modified`,`photo_id`) values (894,NULL,NULL,'nadegevaugrenard@hotmail.com',NULL,NULL,'2018-07-23 10:39:03','2018-07-23 10:39:03',2282);
insert  into `contacts`(`id`,`nom`,`prenom`,`email`,`telephone`,`code_pays`,`created`,`modified`,`photo_id`) values (895,NULL,NULL,'charlotte.bahuon@gmail.com',NULL,NULL,'2018-07-23 10:39:03','2018-07-23 10:39:03',2283);
insert  into `contacts`(`id`,`nom`,`prenom`,`email`,`telephone`,`code_pays`,`created`,`modified`,`photo_id`) values (896,NULL,NULL,'mathisgetain@icloud.com',NULL,NULL,'2018-07-23 10:39:04','2018-07-23 10:39:04',2284);
insert  into `contacts`(`id`,`nom`,`prenom`,`email`,`telephone`,`code_pays`,`created`,`modified`,`photo_id`) values (897,NULL,NULL,'jonathan.boulhaut975@gmail.com',NULL,NULL,'2018-07-23 10:39:04','2018-07-23 10:39:04',2285);
insert  into `contacts`(`id`,`nom`,`prenom`,`email`,`telephone`,`code_pays`,`created`,`modified`,`photo_id`) values (898,NULL,NULL,'awena.furic@icloud.com',NULL,NULL,'2018-07-23 10:39:04','2018-07-23 10:39:04',2286);
insert  into `contacts`(`id`,`nom`,`prenom`,`email`,`telephone`,`code_pays`,`created`,`modified`,`photo_id`) values (899,NULL,NULL,'kermarecemma@orange.fr',NULL,NULL,'2018-07-23 10:39:05','2018-07-23 10:39:05',2289);
insert  into `contacts`(`id`,`nom`,`prenom`,`email`,`telephone`,`code_pays`,`created`,`modified`,`photo_id`) values (900,NULL,NULL,'fr.prigent@gmail.com',NULL,NULL,'2018-07-23 10:39:06','2018-07-23 10:39:06',2292);

/*Table structure for table `crons` */

DROP TABLE IF EXISTS `crons`;

CREATE TABLE `crons` (
  `id` int(11) NOT NULL AUTO_INCREMENT,
  `is_active` tinyint(1) NOT NULL,
  `is_cron_email` tinyint(1) NOT NULL,
  `is_cron_sms` tinyint(1) NOT NULL,
  `date_debut` datetime NOT NULL,
  `date_fin` datetime NOT NULL,
  `evenement_id` int(11) NOT NULL,
  `intervalle_id` int(11) NOT NULL,
  `created` datetime DEFAULT NULL,
  `modified` datetime DEFAULT NULL,
  PRIMARY KEY (`id`),
  KEY `fk_crons_evenements1_idx` (`evenement_id`),
  KEY `fk_crons_intervalles1_idx` (`intervalle_id`),
  CONSTRAINT `fk_crons_evenements1` FOREIGN KEY (`evenement_id`) REFERENCES `evenements` (`id`) ON DELETE NO ACTION ON UPDATE NO ACTION,
  CONSTRAINT `fk_crons_intervalles1` FOREIGN KEY (`intervalle_id`) REFERENCES `intervalles` (`id`) ON DELETE NO ACTION ON UPDATE NO ACTION
) ENGINE=InnoDB DEFAULT CHARSET=utf8;

/*Data for the table `crons` */

/*Table structure for table `csv_colonne_positions` */

DROP TABLE IF EXISTS `csv_colonne_positions`;

CREATE TABLE `csv_colonne_positions` (
  `id` int(11) NOT NULL AUTO_INCREMENT,
  `csv_colonne_id` int(11) NOT NULL,
  `evenement_id` int(11) NOT NULL,
  `position` int(11) NOT NULL,
  `created` datetime DEFAULT NULL,
  `modified` datetime DEFAULT NULL,
  PRIMARY KEY (`id`)
) ENGINE=MyISAM AUTO_INCREMENT=4 DEFAULT CHARSET=utf8;

/*Data for the table `csv_colonne_positions` */

insert  into `csv_colonne_positions`(`id`,`csv_colonne_id`,`evenement_id`,`position`,`created`,`modified`) values (1,1,32,8,'2018-07-23 08:36:38','2018-07-23 18:44:45');
insert  into `csv_colonne_positions`(`id`,`csv_colonne_id`,`evenement_id`,`position`,`created`,`modified`) values (2,1,32,1,'2018-07-23 18:40:39','2018-07-23 18:40:39');
insert  into `csv_colonne_positions`(`id`,`csv_colonne_id`,`evenement_id`,`position`,`created`,`modified`) values (3,1,32,12,'2018-07-23 18:41:35','2018-07-23 18:41:35');

/*Table structure for table `csv_colonnes` */

DROP TABLE IF EXISTS `csv_colonnes`;

CREATE TABLE `csv_colonnes` (
  `id` int(11) NOT NULL AUTO_INCREMENT,
  `nom` varchar(250) DEFAULT NULL,
  `created` datetime DEFAULT NULL,
  `modified` datetime DEFAULT NULL,
  PRIMARY KEY (`id`)
) ENGINE=MyISAM AUTO_INCREMENT=2 DEFAULT CHARSET=utf8;

/*Data for the table `csv_colonnes` */

insert  into `csv_colonnes`(`id`,`nom`,`created`,`modified`) values (1,'Optin','2018-07-23 08:24:52','2018-07-23 08:25:02');

/*Table structure for table `email_configurations` */

DROP TABLE IF EXISTS `email_configurations`;

CREATE TABLE `email_configurations` (
  `id` int(11) NOT NULL AUTO_INCREMENT,
  `email_expediteur` varchar(250) DEFAULT NULL,
  `nom_expediteur` varchar(250) DEFAULT NULL,
  `objet` text NOT NULL,
  `content` longtext NOT NULL,
  `is_photo_en_pj` tinyint(1) DEFAULT NULL,
  `created` datetime DEFAULT NULL,
  `modified` datetime DEFAULT NULL,
  `evenement_id` int(11) NOT NULL,
  PRIMARY KEY (`id`),
  KEY `fk_email_configurations_evenements1_idx` (`evenement_id`),
  CONSTRAINT `fk_email_configurations_evenements1` FOREIGN KEY (`evenement_id`) REFERENCES `evenements` (`id`) ON DELETE CASCADE ON UPDATE CASCADE
) ENGINE=InnoDB AUTO_INCREMENT=3 DEFAULT CHARSET=utf8;

/*Data for the table `email_configurations` */

insert  into `email_configurations`(`id`,`email_expediteur`,`nom_expediteur`,`objet`,`content`,`is_photo_en_pj`,`created`,`modified`,`evenement_id`) values (1,'test@email.Fr','eeeee','Objet de test','sdqfqsdfqsdf',1,'2018-07-21 12:00:38','2018-07-21 12:00:38',3);
insert  into `email_configurations`(`id`,`email_expediteur`,`nom_expediteur`,`objet`,`content`,`is_photo_en_pj`,`created`,`modified`,`evenement_id`) values (2,'test@email.Fr','dfqsdfqsdf','sdfqsd','sdfqsdf qsdf qdfq <b>sdfqsdf</b><br>',1,'2018-07-21 13:01:31','2018-07-21 13:04:19',5);

/*Table structure for table `evenements` */

DROP TABLE IF EXISTS `evenements`;

CREATE TABLE `evenements` (
  `id` int(11) NOT NULL AUTO_INCREMENT,
  `client_id` int(11) NOT NULL,
  `nom` varchar(255) NOT NULL,
  `slug` varchar(255) NOT NULL,
  `is_marque_blanche` tinyint(1) DEFAULT NULL,
  `is_data_acces` tinyint(1) DEFAULT NULL,
  `created` datetime DEFAULT NULL,
  `modified` datetime DEFAULT NULL,
  PRIMARY KEY (`id`),
  KEY `fk_evenements_clients1_idx` (`client_id`),
  CONSTRAINT `fk_evenements_clients1` FOREIGN KEY (`client_id`) REFERENCES `clients` (`id`) ON DELETE NO ACTION ON UPDATE NO ACTION
) ENGINE=InnoDB AUTO_INCREMENT=33 DEFAULT CHARSET=utf8;

/*Data for the table `evenements` */

insert  into `evenements`(`id`,`client_id`,`nom`,`slug`,`is_marque_blanche`,`is_data_acces`,`created`,`modified`) values (2,1,'test','test',1,1,'2018-07-21 08:52:03','2018-07-21 08:52:03');
insert  into `evenements`(`id`,`client_id`,`nom`,`slug`,`is_marque_blanche`,`is_data_acces`,`created`,`modified`) values (3,1,'ok','ok',0,0,'2018-07-21 08:52:33','2018-07-21 08:52:33');
insert  into `evenements`(`id`,`client_id`,`nom`,`slug`,`is_marque_blanche`,`is_data_acces`,`created`,`modified`) values (4,1,'Opération de demain','opqsdfqsdfqsdf',1,1,'2018-07-21 09:23:18','2018-07-21 09:23:18');
insert  into `evenements`(`id`,`client_id`,`nom`,`slug`,`is_marque_blanche`,`is_data_acces`,`created`,`modified`) values (5,1,'Evenement','popopopo',1,1,'2018-07-21 12:41:24','2018-07-21 12:41:24');
insert  into `evenements`(`id`,`client_id`,`nom`,`slug`,`is_marque_blanche`,`is_data_acces`,`created`,`modified`) values (6,2,'Mon premier événement','Mon premier événement',1,1,'2018-07-21 13:22:53','2018-07-21 13:22:53');
insert  into `evenements`(`id`,`client_id`,`nom`,`slug`,`is_marque_blanche`,`is_data_acces`,`created`,`modified`) values (7,2,'Cloé & jym é\"\'&é\"\'&é\"\'&(-\'é\"&','cloe-et-jym-e-ete-ete-et-e-et',1,1,'2018-07-21 14:25:33','2018-07-21 14:25:33');
insert  into `evenements`(`id`,`client_id`,`nom`,`slug`,`is_marque_blanche`,`is_data_acces`,`created`,`modified`) values (8,2,'cloé & popo zZAERZERAZER ZERAZE RZER','cloe-et-popo-zZAERZERAZER-ZERAZE-RZER',1,1,'2018-07-21 14:31:47','2018-07-21 14:31:47');
insert  into `evenements`(`id`,`client_id`,`nom`,`slug`,`is_marque_blanche`,`is_data_acces`,`created`,`modified`) values (9,1,'qsfqsdfqsdfqsdf','qsfqsdfqsdfqsdf',1,1,'2018-07-21 16:59:43','2018-07-21 16:59:43');
insert  into `evenements`(`id`,`client_id`,`nom`,`slug`,`is_marque_blanche`,`is_data_acces`,`created`,`modified`) values (10,1,'qsdQSDQSDqsd','qsdQSDQSDqsd',1,1,'2018-07-21 17:00:34','2018-07-21 17:00:34');
insert  into `evenements`(`id`,`client_id`,`nom`,`slug`,`is_marque_blanche`,`is_data_acces`,`created`,`modified`) values (11,1,'qsdQSDqsdQSD','testbbbbb',1,1,'2018-07-21 17:01:31','2018-07-21 17:01:31');
insert  into `evenements`(`id`,`client_id`,`nom`,`slug`,`is_marque_blanche`,`is_data_acces`,`created`,`modified`) values (13,1,'qsdQSDqsd','qsdQSDqsd',1,1,'2018-07-21 17:04:34','2018-07-21 17:04:34');
insert  into `evenements`(`id`,`client_id`,`nom`,`slug`,`is_marque_blanche`,`is_data_acces`,`created`,`modified`) values (14,1,'sqdqsfsdfqsdf','sqdqsfsdfqsdf',1,1,'2018-07-21 17:09:09','2018-07-21 17:09:09');
insert  into `evenements`(`id`,`client_id`,`nom`,`slug`,`is_marque_blanche`,`is_data_acces`,`created`,`modified`) values (17,1,'vola vérye','vola-verye',1,1,'2018-07-21 17:15:18','2018-07-21 17:15:18');
insert  into `evenements`(`id`,`client_id`,`nom`,`slug`,`is_marque_blanche`,`is_data_acces`,`created`,`modified`) values (18,1,'vola vérye','vola-veryefffff',1,1,'2018-07-21 17:15:49','2018-07-21 17:15:49');
insert  into `evenements`(`id`,`client_id`,`nom`,`slug`,`is_marque_blanche`,`is_data_acces`,`created`,`modified`) values (19,1,'sqdfqsdfqsdfqsdfsqdf','sqdfqsdfqsdfqsdfsqdf',1,1,'2018-07-21 17:28:16','2018-07-21 17:28:16');
insert  into `evenements`(`id`,`client_id`,`nom`,`slug`,`is_marque_blanche`,`is_data_acces`,`created`,`modified`) values (23,1,'sdfsdfdsf','sdfsdfdsf',1,1,'2018-07-21 17:31:42','2018-07-21 17:31:42');
insert  into `evenements`(`id`,`client_id`,`nom`,`slug`,`is_marque_blanche`,`is_data_acces`,`created`,`modified`) values (24,1,'ffff','ffff',1,1,'2018-07-21 17:35:27','2018-07-21 17:35:27');
insert  into `evenements`(`id`,`client_id`,`nom`,`slug`,`is_marque_blanche`,`is_data_acces`,`created`,`modified`) values (25,1,'sdfqsdfsqdfqsdf','sdfqsdfsqdfqsdf',1,1,'2018-07-21 17:36:17','2018-07-21 17:36:17');
insert  into `evenements`(`id`,`client_id`,`nom`,`slug`,`is_marque_blanche`,`is_data_acces`,`created`,`modified`) values (26,1,'wcw<xc','wcw-moins-que-xc',1,1,'2018-07-21 17:49:13','2018-07-21 17:49:13');
insert  into `evenements`(`id`,`client_id`,`nom`,`slug`,`is_marque_blanche`,`is_data_acces`,`created`,`modified`) values (27,1,'Nom de la galérie çç apepe','Nom-de-la-galerie-cc-apepe',1,1,'2018-07-21 17:56:15','2018-07-21 17:56:15');
insert  into `evenements`(`id`,`client_id`,`nom`,`slug`,`is_marque_blanche`,`is_data_acces`,`created`,`modified`) values (29,2,'novaiko wa lele','novaiko-wa-lele-65',1,1,'2018-07-21 18:00:46','2018-07-21 18:00:46');
insert  into `evenements`(`id`,`client_id`,`nom`,`slug`,`is_marque_blanche`,`is_data_acces`,`created`,`modified`) values (31,1,'galerie test ','galerie-test',1,1,'2018-07-21 18:05:05','2018-07-21 18:05:05');
insert  into `evenements`(`id`,`client_id`,`nom`,`slug`,`is_marque_blanche`,`is_data_acces`,`created`,`modified`) values (32,2,'VIEILLES-CHARRUES-2018','VIEILLES-CHARRUES-2018',1,1,'2018-07-23 06:09:08','2018-07-23 06:09:08');

/*Table structure for table `facebook_auto_suivis` */

DROP TABLE IF EXISTS `facebook_auto_suivis`;

CREATE TABLE `facebook_auto_suivis` (
  `id` int(11) NOT NULL AUTO_INCREMENT,
  `facebook_auto_id` int(11) NOT NULL,
  `photo_id` int(11) NOT NULL,
  `created` datetime DEFAULT NULL,
  `modifed` datetime DEFAULT NULL,
  PRIMARY KEY (`id`),
  KEY `FK_facebook_auto_suivis` (`photo_id`),
  KEY `FK_facebook_auto_suivis_2` (`facebook_auto_id`),
  CONSTRAINT `FK_facebook_auto_suivis` FOREIGN KEY (`photo_id`) REFERENCES `photos` (`id`) ON DELETE CASCADE ON UPDATE CASCADE,
  CONSTRAINT `FK_facebook_auto_suivis_2` FOREIGN KEY (`facebook_auto_id`) REFERENCES `facebook_autos` (`id`) ON DELETE CASCADE ON UPDATE CASCADE
) ENGINE=InnoDB DEFAULT CHARSET=utf8;

/*Data for the table `facebook_auto_suivis` */

/*Table structure for table `facebook_autos` */

DROP TABLE IF EXISTS `facebook_autos`;

CREATE TABLE `facebook_autos` (
  `id` int(11) NOT NULL AUTO_INCREMENT,
  `evenement_id` int(11) NOT NULL,
  `id_in_facebook` varchar(250) NOT NULL,
  `token_facebook` longtext,
  `id_album_in_facebook` varchar(250) DEFAULT NULL,
  `name_in_facebook` varchar(250) DEFAULT NULL,
  `name_album_in_facebook` varchar(250) DEFAULT NULL,
  PRIMARY KEY (`id`),
  KEY `FK_facebook_autos` (`evenement_id`),
  CONSTRAINT `FK_facebook_autos` FOREIGN KEY (`evenement_id`) REFERENCES `evenements` (`id`) ON DELETE CASCADE ON UPDATE CASCADE
) ENGINE=InnoDB DEFAULT CHARSET=utf8;

/*Data for the table `facebook_autos` */

/*Table structure for table `galeries` */

DROP TABLE IF EXISTS `galeries`;

CREATE TABLE `galeries` (
  `id` int(11) NOT NULL AUTO_INCREMENT,
  `nom` varchar(255) NOT NULL,
  `slug` varchar(255) DEFAULT NULL,
  `is_public` varchar(45) DEFAULT NULL,
  `titre` varchar(255) DEFAULT NULL,
  `sous_titre` varchar(255) DEFAULT NULL,
  `couleur` varchar(45) DEFAULT NULL,
  `img_banniere` varchar(255) DEFAULT NULL,
  `created` datetime DEFAULT NULL,
  `modified` datetime DEFAULT NULL,
  PRIMARY KEY (`id`)
) ENGINE=InnoDB AUTO_INCREMENT=11 DEFAULT CHARSET=utf8;

/*Data for the table `galeries` */

insert  into `galeries`(`id`,`nom`,`slug`,`is_public`,`titre`,`sous_titre`,`couleur`,`img_banniere`,`created`,`modified`) values (2,'ff','ff',NULL,'fff',NULL,NULL,NULL,'2018-07-21 17:35:28','2018-07-21 17:35:28');
insert  into `galeries`(`id`,`nom`,`slug`,`is_public`,`titre`,`sous_titre`,`couleur`,`img_banniere`,`created`,`modified`) values (3,'dfsqdf','dfqsd',NULL,'fdfdf',NULL,NULL,NULL,'2018-07-21 17:36:17','2018-07-21 17:36:17');
insert  into `galeries`(`id`,`nom`,`slug`,`is_public`,`titre`,`sous_titre`,`couleur`,`img_banniere`,`created`,`modified`) values (4,'wx<c','<wxc',NULL,'w<xc<wxc',NULL,NULL,NULL,'2018-07-21 17:49:13','2018-07-21 17:49:13');
insert  into `galeries`(`id`,`nom`,`slug`,`is_public`,`titre`,`sous_titre`,`couleur`,`img_banniere`,`created`,`modified`) values (5,'Nom de la galérie çç apepe','Nom-de-la-galerie-cc-apepe',NULL,'Nom de la galérie çç apepe',NULL,NULL,NULL,'2018-07-21 17:56:15','2018-07-21 17:56:15');
insert  into `galeries`(`id`,`nom`,`slug`,`is_public`,`titre`,`sous_titre`,`couleur`,`img_banniere`,`created`,`modified`) values (6,'condra evenbt','condra-evenbt',NULL,'condra evenbt',NULL,NULL,NULL,'2018-07-21 17:57:19','2018-07-21 17:57:19');
insert  into `galeries`(`id`,`nom`,`slug`,`is_public`,`titre`,`sous_titre`,`couleur`,`img_banniere`,`created`,`modified`) values (7,'novaiko wa lele','novaiko-wa-lele',NULL,'novaiko wa lele',NULL,NULL,NULL,'2018-07-21 18:00:46','2018-07-21 18:00:46');
insert  into `galeries`(`id`,`nom`,`slug`,`is_public`,`titre`,`sous_titre`,`couleur`,`img_banniere`,`created`,`modified`) values (9,'galerie test modfié avec image','galerie-test-mod','1','galerie test','sous titre<br>','#c32828',NULL,'2018-07-21 18:05:05','2018-07-22 14:40:00');
insert  into `galeries`(`id`,`nom`,`slug`,`is_public`,`titre`,`sous_titre`,`couleur`,`img_banniere`,`created`,`modified`) values (10,'VIEILLES-CHARRUES-2018','VIEILLES-CHARRUES-2018',NULL,'VIEILLES-CHARRUES-2018',NULL,NULL,NULL,'2018-07-23 06:09:08','2018-07-23 06:09:08');

/*Table structure for table `galeries_has_evenements` */

DROP TABLE IF EXISTS `galeries_has_evenements`;

CREATE TABLE `galeries_has_evenements` (
  `galerie_id` int(11) NOT NULL,
  `evenement_id` int(11) NOT NULL,
  PRIMARY KEY (`galerie_id`,`evenement_id`),
  KEY `fk_galeries_has_evenements_evenements1_idx` (`evenement_id`),
  KEY `fk_galeries_has_evenements_galeries1_idx` (`galerie_id`),
  CONSTRAINT `fk_galeries_has_evenements_evenements1` FOREIGN KEY (`evenement_id`) REFERENCES `evenements` (`id`) ON DELETE NO ACTION ON UPDATE NO ACTION,
  CONSTRAINT `fk_galeries_has_evenements_galeries1` FOREIGN KEY (`galerie_id`) REFERENCES `galeries` (`id`) ON DELETE NO ACTION ON UPDATE NO ACTION
) ENGINE=InnoDB DEFAULT CHARSET=utf8;

/*Data for the table `galeries_has_evenements` */

insert  into `galeries_has_evenements`(`galerie_id`,`evenement_id`) values (2,24);
insert  into `galeries_has_evenements`(`galerie_id`,`evenement_id`) values (3,25);
insert  into `galeries_has_evenements`(`galerie_id`,`evenement_id`) values (4,26);
insert  into `galeries_has_evenements`(`galerie_id`,`evenement_id`) values (5,27);
insert  into `galeries_has_evenements`(`galerie_id`,`evenement_id`) values (7,29);
insert  into `galeries_has_evenements`(`galerie_id`,`evenement_id`) values (9,31);
insert  into `galeries_has_evenements`(`galerie_id`,`evenement_id`) values (10,32);

/*Table structure for table `intervalles` */

DROP TABLE IF EXISTS `intervalles`;

CREATE TABLE `intervalles` (
  `id` int(11) NOT NULL AUTO_INCREMENT,
  `intervalle` varchar(255) NOT NULL,
  `created` datetime DEFAULT NULL,
  `modified` datetime DEFAULT NULL,
  PRIMARY KEY (`id`)
) ENGINE=InnoDB DEFAULT CHARSET=utf8;

/*Data for the table `intervalles` */

/*Table structure for table `page_souvenirs` */

DROP TABLE IF EXISTS `page_souvenirs`;

CREATE TABLE `page_souvenirs` (
  `id` int(11) NOT NULL AUTO_INCREMENT,
  `couleur_fond_entete` varchar(45) DEFAULT NULL,
  `couleur_fond` varchar(45) DEFAULT NULL,
  `img_banniere` varchar(45) DEFAULT NULL,
  `created` datetime DEFAULT NULL,
  `modified` datetime DEFAULT NULL,
  `evenement_id` int(11) NOT NULL,
  PRIMARY KEY (`id`),
  KEY `fk_page_souvenirs_evenements1_idx` (`evenement_id`),
  CONSTRAINT `fk_page_souvenirs_evenements1` FOREIGN KEY (`evenement_id`) REFERENCES `evenements` (`id`) ON DELETE CASCADE ON UPDATE CASCADE
) ENGINE=InnoDB AUTO_INCREMENT=5 DEFAULT CHARSET=utf8;

/*Data for the table `page_souvenirs` */

insert  into `page_souvenirs`(`id`,`couleur_fond_entete`,`couleur_fond`,`img_banniere`,`created`,`modified`,`evenement_id`) values (1,'#0066cb','#2471aa',NULL,'2018-07-21 11:11:42','2018-07-21 11:11:42',4);
insert  into `page_souvenirs`(`id`,`couleur_fond_entete`,`couleur_fond`,`img_banniere`,`created`,`modified`,`evenement_id`) values (2,'#6d1313','#860adb',NULL,'2018-07-21 11:15:15','2018-07-21 11:15:15',3);
insert  into `page_souvenirs`(`id`,`couleur_fond_entete`,`couleur_fond`,`img_banniere`,`created`,`modified`,`evenement_id`) values (3,'#bf5b5b','',NULL,'2018-07-21 12:13:54','2018-07-21 12:13:54',2);
insert  into `page_souvenirs`(`id`,`couleur_fond_entete`,`couleur_fond`,`img_banniere`,`created`,`modified`,`evenement_id`) values (4,'#af1313','#b30c0c','','2018-07-21 19:39:34','2018-07-21 19:47:28',31);

/*Table structure for table `photos` */

DROP TABLE IF EXISTS `photos`;

CREATE TABLE `photos` (
  `id` int(11) NOT NULL AUTO_INCREMENT,
  `name_origne` text NOT NULL,
  `name` text NOT NULL,
  `is_postable_on_facebook` tinyint(1) DEFAULT '0',
  `deleted` tinyint(1) DEFAULT '0',
  `created` datetime DEFAULT NULL,
  `modified` datetime DEFAULT NULL,
  `evenement_id` int(11) NOT NULL,
  `is_gererated_thumb` tinyint(1) DEFAULT '0',
  `date_prise_photo` date DEFAULT NULL,
  `heure_prise_photo` time DEFAULT NULL,
  `is_in_corbeille` tinyint(1) DEFAULT '0',
  PRIMARY KEY (`id`),
  KEY `fk_photos_evenements1_idx` (`evenement_id`),
  CONSTRAINT `fk_photos_evenements1` FOREIGN KEY (`evenement_id`) REFERENCES `evenements` (`id`) ON DELETE NO ACTION ON UPDATE NO ACTION
) ENGINE=InnoDB AUTO_INCREMENT=2293 DEFAULT CHARSET=utf8;

/*Data for the table `photos` */

insert  into `photos`(`id`,`name_origne`,`name`,`is_postable_on_facebook`,`deleted`,`created`,`modified`,`evenement_id`,`is_gererated_thumb`,`date_prise_photo`,`heure_prise_photo`,`is_in_corbeille`) values (2082,'Default_2018-7-19-60032.jpg','Default_2018-7-19-60032.jpg',0,1,'2018-07-23 10:38:09','2018-07-23 12:42:03',32,1,'2018-07-19','16:40:00',0);
insert  into `photos`(`id`,`name_origne`,`name`,`is_postable_on_facebook`,`deleted`,`created`,`modified`,`evenement_id`,`is_gererated_thumb`,`date_prise_photo`,`heure_prise_photo`,`is_in_corbeille`) values (2083,'Default_2018-7-19-60126.jpg','Default_2018-7-19-60126.jpg',0,1,'2018-07-23 10:38:10','2018-07-23 12:44:00',32,1,'2018-07-19','16:42:00',0);
insert  into `photos`(`id`,`name_origne`,`name`,`is_postable_on_facebook`,`deleted`,`created`,`modified`,`evenement_id`,`is_gererated_thumb`,`date_prise_photo`,`heure_prise_photo`,`is_in_corbeille`) values (2084,'Default_2018-7-19-60211.jpg','Default_2018-7-19-60211.jpg',0,0,'2018-07-23 10:38:10','2018-07-23 11:47:55',32,1,'2018-07-19','16:43:00',0);
insert  into `photos`(`id`,`name_origne`,`name`,`is_postable_on_facebook`,`deleted`,`created`,`modified`,`evenement_id`,`is_gererated_thumb`,`date_prise_photo`,`heure_prise_photo`,`is_in_corbeille`) values (2085,'Default_2018-7-19-60283.jpg','Default_2018-7-19-60283.jpg',0,1,'2018-07-23 10:38:10','2018-07-23 15:47:20',32,1,'2018-07-19','16:44:00',1);
insert  into `photos`(`id`,`name_origne`,`name`,`is_postable_on_facebook`,`deleted`,`created`,`modified`,`evenement_id`,`is_gererated_thumb`,`date_prise_photo`,`heure_prise_photo`,`is_in_corbeille`) values (2086,'Default_2018-7-19-60371.jpg','Default_2018-7-19-60371.jpg',0,0,'2018-07-23 10:38:10','2018-07-23 15:47:01',32,1,'2018-07-19','16:46:00',0);
insert  into `photos`(`id`,`name_origne`,`name`,`is_postable_on_facebook`,`deleted`,`created`,`modified`,`evenement_id`,`is_gererated_thumb`,`date_prise_photo`,`heure_prise_photo`,`is_in_corbeille`) values (2087,'Default_2018-7-19-60459.jpg','Default_2018-7-19-60459.jpg',0,0,'2018-07-23 10:38:11','2018-07-23 15:46:41',32,1,'2018-07-19','16:47:00',0);
insert  into `photos`(`id`,`name_origne`,`name`,`is_postable_on_facebook`,`deleted`,`created`,`modified`,`evenement_id`,`is_gererated_thumb`,`date_prise_photo`,`heure_prise_photo`,`is_in_corbeille`) values (2088,'Default_2018-7-19-60552.jpg','Default_2018-7-19-60552.jpg',0,0,'2018-07-23 10:38:11','2018-07-23 11:47:57',32,1,'2018-07-19','16:49:00',0);
insert  into `photos`(`id`,`name_origne`,`name`,`is_postable_on_facebook`,`deleted`,`created`,`modified`,`evenement_id`,`is_gererated_thumb`,`date_prise_photo`,`heure_prise_photo`,`is_in_corbeille`) values (2089,'Default_2018-7-19-60668.jpg','Default_2018-7-19-60668.jpg',0,0,'2018-07-23 10:38:11','2018-07-23 11:47:57',32,1,'2018-07-19','16:51:00',0);
insert  into `photos`(`id`,`name_origne`,`name`,`is_postable_on_facebook`,`deleted`,`created`,`modified`,`evenement_id`,`is_gererated_thumb`,`date_prise_photo`,`heure_prise_photo`,`is_in_corbeille`) values (2090,'Default_2018-7-19-60785.jpg','Default_2018-7-19-60785.jpg',0,0,'2018-07-23 10:38:11','2018-07-23 11:47:57',32,1,'2018-07-19','16:53:00',0);
insert  into `photos`(`id`,`name_origne`,`name`,`is_postable_on_facebook`,`deleted`,`created`,`modified`,`evenement_id`,`is_gererated_thumb`,`date_prise_photo`,`heure_prise_photo`,`is_in_corbeille`) values (2091,'Default_2018-7-19-60871.jpg','Default_2018-7-19-60871.jpg',0,0,'2018-07-23 10:38:11','2018-07-23 11:47:58',32,1,'2018-07-19','16:54:00',0);
insert  into `photos`(`id`,`name_origne`,`name`,`is_postable_on_facebook`,`deleted`,`created`,`modified`,`evenement_id`,`is_gererated_thumb`,`date_prise_photo`,`heure_prise_photo`,`is_in_corbeille`) values (2092,'Default_2018-7-19-60949.jpg','Default_2018-7-19-60949.jpg',0,0,'2018-07-23 10:38:11','2018-07-23 11:47:58',32,1,'2018-07-19','16:55:00',0);
insert  into `photos`(`id`,`name_origne`,`name`,`is_postable_on_facebook`,`deleted`,`created`,`modified`,`evenement_id`,`is_gererated_thumb`,`date_prise_photo`,`heure_prise_photo`,`is_in_corbeille`) values (2093,'Default_2018-7-19-61034.jpg','Default_2018-7-19-61034.jpg',0,0,'2018-07-23 10:38:12','2018-07-23 11:47:59',32,1,'2018-07-19','16:57:00',0);
insert  into `photos`(`id`,`name_origne`,`name`,`is_postable_on_facebook`,`deleted`,`created`,`modified`,`evenement_id`,`is_gererated_thumb`,`date_prise_photo`,`heure_prise_photo`,`is_in_corbeille`) values (2094,'Default_2018-7-19-61202.jpg','Default_2018-7-19-61202.jpg',0,0,'2018-07-23 10:38:12','2018-07-23 11:47:59',32,1,'2018-07-19','17:00:00',0);
insert  into `photos`(`id`,`name_origne`,`name`,`is_postable_on_facebook`,`deleted`,`created`,`modified`,`evenement_id`,`is_gererated_thumb`,`date_prise_photo`,`heure_prise_photo`,`is_in_corbeille`) values (2095,'Default_2018-7-19-61268.jpg','Default_2018-7-19-61268.jpg',0,0,'2018-07-23 10:38:12','2018-07-23 11:47:59',32,1,'2018-07-19','17:01:00',0);
insert  into `photos`(`id`,`name_origne`,`name`,`is_postable_on_facebook`,`deleted`,`created`,`modified`,`evenement_id`,`is_gererated_thumb`,`date_prise_photo`,`heure_prise_photo`,`is_in_corbeille`) values (2096,'Default_2018-7-19-61383.jpg','Default_2018-7-19-61383.jpg',0,0,'2018-07-23 10:38:13','2018-07-23 11:48:00',32,1,'2018-07-19','17:03:00',0);
insert  into `photos`(`id`,`name_origne`,`name`,`is_postable_on_facebook`,`deleted`,`created`,`modified`,`evenement_id`,`is_gererated_thumb`,`date_prise_photo`,`heure_prise_photo`,`is_in_corbeille`) values (2097,'Default_2018-7-19-61448.jpg','Default_2018-7-19-61448.jpg',0,0,'2018-07-23 10:38:13','2018-07-23 11:48:00',32,1,'2018-07-19','17:04:00',0);
insert  into `photos`(`id`,`name_origne`,`name`,`is_postable_on_facebook`,`deleted`,`created`,`modified`,`evenement_id`,`is_gererated_thumb`,`date_prise_photo`,`heure_prise_photo`,`is_in_corbeille`) values (2098,'Default_2018-7-19-61536.jpg','Default_2018-7-19-61536.jpg',0,0,'2018-07-23 10:38:13','2018-07-23 11:48:01',32,1,'2018-07-19','17:05:00',0);
insert  into `photos`(`id`,`name_origne`,`name`,`is_postable_on_facebook`,`deleted`,`created`,`modified`,`evenement_id`,`is_gererated_thumb`,`date_prise_photo`,`heure_prise_photo`,`is_in_corbeille`) values (2099,'Default_2018-7-19-61625.jpg','Default_2018-7-19-61625.jpg',0,0,'2018-07-23 10:38:13','2018-07-23 11:48:01',32,1,'2018-07-19','17:07:00',0);
insert  into `photos`(`id`,`name_origne`,`name`,`is_postable_on_facebook`,`deleted`,`created`,`modified`,`evenement_id`,`is_gererated_thumb`,`date_prise_photo`,`heure_prise_photo`,`is_in_corbeille`) values (2100,'Default_2018-7-19-61699.jpg','Default_2018-7-19-61699.jpg',0,0,'2018-07-23 10:38:14','2018-07-23 11:48:02',32,1,'2018-07-19','17:08:00',0);
insert  into `photos`(`id`,`name_origne`,`name`,`is_postable_on_facebook`,`deleted`,`created`,`modified`,`evenement_id`,`is_gererated_thumb`,`date_prise_photo`,`heure_prise_photo`,`is_in_corbeille`) values (2101,'Default_2018-7-19-61791.jpg','Default_2018-7-19-61791.jpg',0,0,'2018-07-23 10:38:14','2018-07-23 11:48:02',32,1,'2018-07-19','17:09:00',0);
insert  into `photos`(`id`,`name_origne`,`name`,`is_postable_on_facebook`,`deleted`,`created`,`modified`,`evenement_id`,`is_gererated_thumb`,`date_prise_photo`,`heure_prise_photo`,`is_in_corbeille`) values (2102,'Default_2018-7-19-61879.jpg','Default_2018-7-19-61879.jpg',0,0,'2018-07-23 10:38:15','2018-07-23 11:48:03',32,1,'2018-07-19','17:11:00',0);
insert  into `photos`(`id`,`name_origne`,`name`,`is_postable_on_facebook`,`deleted`,`created`,`modified`,`evenement_id`,`is_gererated_thumb`,`date_prise_photo`,`heure_prise_photo`,`is_in_corbeille`) values (2103,'Default_2018-7-19-61955.jpg','Default_2018-7-19-61955.jpg',0,0,'2018-07-23 10:38:15','2018-07-23 11:48:03',32,1,'2018-07-19','17:12:00',0);
insert  into `photos`(`id`,`name_origne`,`name`,`is_postable_on_facebook`,`deleted`,`created`,`modified`,`evenement_id`,`is_gererated_thumb`,`date_prise_photo`,`heure_prise_photo`,`is_in_corbeille`) values (2104,'Default_2018-7-19-62018.jpg','Default_2018-7-19-62018.jpg',0,0,'2018-07-23 10:38:15','2018-07-23 11:48:03',32,1,'2018-07-19','17:13:00',0);
insert  into `photos`(`id`,`name_origne`,`name`,`is_postable_on_facebook`,`deleted`,`created`,`modified`,`evenement_id`,`is_gererated_thumb`,`date_prise_photo`,`heure_prise_photo`,`is_in_corbeille`) values (2105,'Default_2018-7-19-62086.jpg','Default_2018-7-19-62086.jpg',0,0,'2018-07-23 10:38:15','2018-07-23 11:48:03',32,1,'2018-07-19','17:14:00',0);
insert  into `photos`(`id`,`name_origne`,`name`,`is_postable_on_facebook`,`deleted`,`created`,`modified`,`evenement_id`,`is_gererated_thumb`,`date_prise_photo`,`heure_prise_photo`,`is_in_corbeille`) values (2106,'Default_2018-7-19-62181.jpg','Default_2018-7-19-62181.jpg',0,0,'2018-07-23 10:38:15','2018-07-23 11:48:04',32,1,'2018-07-19','17:16:00',0);
insert  into `photos`(`id`,`name_origne`,`name`,`is_postable_on_facebook`,`deleted`,`created`,`modified`,`evenement_id`,`is_gererated_thumb`,`date_prise_photo`,`heure_prise_photo`,`is_in_corbeille`) values (2107,'Default_2018-7-19-62267.jpg','Default_2018-7-19-62267.jpg',0,0,'2018-07-23 10:38:16','2018-07-23 11:48:04',32,1,'2018-07-19','17:17:00',0);
insert  into `photos`(`id`,`name_origne`,`name`,`is_postable_on_facebook`,`deleted`,`created`,`modified`,`evenement_id`,`is_gererated_thumb`,`date_prise_photo`,`heure_prise_photo`,`is_in_corbeille`) values (2108,'Default-2018-7-19-62338.jpg','Default-2018-7-19-62338.jpg',0,0,'2018-07-23 10:38:16','2018-07-23 11:48:05',32,1,'2018-07-19','17:18:00',0);
insert  into `photos`(`id`,`name_origne`,`name`,`is_postable_on_facebook`,`deleted`,`created`,`modified`,`evenement_id`,`is_gererated_thumb`,`date_prise_photo`,`heure_prise_photo`,`is_in_corbeille`) values (2109,'Default-2018-7-19-62425.jpg','Default-2018-7-19-62425.jpg',0,0,'2018-07-23 10:38:16','2018-07-23 11:48:05',32,1,'2018-07-19','17:20:00',0);
insert  into `photos`(`id`,`name_origne`,`name`,`is_postable_on_facebook`,`deleted`,`created`,`modified`,`evenement_id`,`is_gererated_thumb`,`date_prise_photo`,`heure_prise_photo`,`is_in_corbeille`) values (2110,'Default-2018-7-19-62494.jpg','Default-2018-7-19-62494.jpg',0,0,'2018-07-23 10:38:17','2018-07-23 11:48:05',32,1,'2018-07-19','17:21:00',0);
insert  into `photos`(`id`,`name_origne`,`name`,`is_postable_on_facebook`,`deleted`,`created`,`modified`,`evenement_id`,`is_gererated_thumb`,`date_prise_photo`,`heure_prise_photo`,`is_in_corbeille`) values (2111,'Default-2018-7-19-62564.jpg','Default-2018-7-19-62564.jpg',0,0,'2018-07-23 10:38:17','2018-07-23 11:48:06',32,1,'2018-07-19','17:22:00',0);
insert  into `photos`(`id`,`name_origne`,`name`,`is_postable_on_facebook`,`deleted`,`created`,`modified`,`evenement_id`,`is_gererated_thumb`,`date_prise_photo`,`heure_prise_photo`,`is_in_corbeille`) values (2112,'Default-2018-7-19-62651.jpg','Default-2018-7-19-62651.jpg',0,0,'2018-07-23 10:38:17','2018-07-23 11:48:06',32,1,'2018-07-19','17:24:00',0);
insert  into `photos`(`id`,`name_origne`,`name`,`is_postable_on_facebook`,`deleted`,`created`,`modified`,`evenement_id`,`is_gererated_thumb`,`date_prise_photo`,`heure_prise_photo`,`is_in_corbeille`) values (2113,'Default-2018-7-19-62759.jpg','Default-2018-7-19-62759.jpg',0,0,'2018-07-23 10:38:17','2018-07-23 11:48:06',32,1,'2018-07-19','17:25:00',0);
insert  into `photos`(`id`,`name_origne`,`name`,`is_postable_on_facebook`,`deleted`,`created`,`modified`,`evenement_id`,`is_gererated_thumb`,`date_prise_photo`,`heure_prise_photo`,`is_in_corbeille`) values (2114,'Default-2018-7-19-62833.jpg','Default-2018-7-19-62833.jpg',0,0,'2018-07-23 10:38:17','2018-07-23 11:48:07',32,1,'2018-07-19','17:27:00',0);
insert  into `photos`(`id`,`name_origne`,`name`,`is_postable_on_facebook`,`deleted`,`created`,`modified`,`evenement_id`,`is_gererated_thumb`,`date_prise_photo`,`heure_prise_photo`,`is_in_corbeille`) values (2115,'Default-2018-7-19-62901.jpg','Default-2018-7-19-62901.jpg',0,0,'2018-07-23 10:38:17','2018-07-23 11:48:07',32,1,'2018-07-19','17:28:00',0);
insert  into `photos`(`id`,`name_origne`,`name`,`is_postable_on_facebook`,`deleted`,`created`,`modified`,`evenement_id`,`is_gererated_thumb`,`date_prise_photo`,`heure_prise_photo`,`is_in_corbeille`) values (2116,'Default-2018-7-19-62967.jpg','Default-2018-7-19-62967.jpg',0,0,'2018-07-23 10:38:18','2018-07-23 11:48:07',32,1,'2018-07-19','17:29:00',0);
insert  into `photos`(`id`,`name_origne`,`name`,`is_postable_on_facebook`,`deleted`,`created`,`modified`,`evenement_id`,`is_gererated_thumb`,`date_prise_photo`,`heure_prise_photo`,`is_in_corbeille`) values (2117,'Default-2018-7-19-63071.jpg','Default-2018-7-19-63071.jpg',0,0,'2018-07-23 10:38:18','2018-07-23 11:48:08',32,1,'2018-07-19','17:31:00',0);
insert  into `photos`(`id`,`name_origne`,`name`,`is_postable_on_facebook`,`deleted`,`created`,`modified`,`evenement_id`,`is_gererated_thumb`,`date_prise_photo`,`heure_prise_photo`,`is_in_corbeille`) values (2118,'Default-2018-7-19-63251.jpg','Default-2018-7-19-63251.jpg',0,0,'2018-07-23 10:38:18','2018-07-23 11:48:08',32,1,'2018-07-19','17:34:00',0);
insert  into `photos`(`id`,`name_origne`,`name`,`is_postable_on_facebook`,`deleted`,`created`,`modified`,`evenement_id`,`is_gererated_thumb`,`date_prise_photo`,`heure_prise_photo`,`is_in_corbeille`) values (2119,'Default-2018-7-19-63317.jpg','Default-2018-7-19-63317.jpg',0,0,'2018-07-23 10:38:19','2018-07-23 11:48:08',32,1,'2018-07-19','17:35:00',0);
insert  into `photos`(`id`,`name_origne`,`name`,`is_postable_on_facebook`,`deleted`,`created`,`modified`,`evenement_id`,`is_gererated_thumb`,`date_prise_photo`,`heure_prise_photo`,`is_in_corbeille`) values (2120,'Default-2018-7-19-63407.jpg','Default-2018-7-19-63407.jpg',0,0,'2018-07-23 10:38:19','2018-07-23 11:48:09',32,1,'2018-07-19','17:36:00',0);
insert  into `photos`(`id`,`name_origne`,`name`,`is_postable_on_facebook`,`deleted`,`created`,`modified`,`evenement_id`,`is_gererated_thumb`,`date_prise_photo`,`heure_prise_photo`,`is_in_corbeille`) values (2121,'Default-2018-7-19-63473.jpg','Default-2018-7-19-63473.jpg',0,0,'2018-07-23 10:38:19','2018-07-23 11:48:09',32,1,'2018-07-19','17:37:00',0);
insert  into `photos`(`id`,`name_origne`,`name`,`is_postable_on_facebook`,`deleted`,`created`,`modified`,`evenement_id`,`is_gererated_thumb`,`date_prise_photo`,`heure_prise_photo`,`is_in_corbeille`) values (2122,'Default-2018-7-19-63533.jpg','Default-2018-7-19-63533.jpg',0,0,'2018-07-23 10:38:19','2018-07-23 11:48:09',32,1,'2018-07-19','17:38:00',0);
insert  into `photos`(`id`,`name_origne`,`name`,`is_postable_on_facebook`,`deleted`,`created`,`modified`,`evenement_id`,`is_gererated_thumb`,`date_prise_photo`,`heure_prise_photo`,`is_in_corbeille`) values (2123,'Default-2018-7-19-63656.jpg','Default-2018-7-19-63656.jpg',0,0,'2018-07-23 10:38:20','2018-07-23 11:48:10',32,1,'2018-07-19','17:40:00',0);
insert  into `photos`(`id`,`name_origne`,`name`,`is_postable_on_facebook`,`deleted`,`created`,`modified`,`evenement_id`,`is_gererated_thumb`,`date_prise_photo`,`heure_prise_photo`,`is_in_corbeille`) values (2124,'Default-2018-7-19-63738.jpg','Default-2018-7-19-63738.jpg',0,0,'2018-07-23 10:38:20','2018-07-23 11:48:10',32,1,'2018-07-19','17:42:00',0);
insert  into `photos`(`id`,`name_origne`,`name`,`is_postable_on_facebook`,`deleted`,`created`,`modified`,`evenement_id`,`is_gererated_thumb`,`date_prise_photo`,`heure_prise_photo`,`is_in_corbeille`) values (2125,'Default-2018-7-19-63824.jpg','Default-2018-7-19-63824.jpg',0,0,'2018-07-23 10:38:21','2018-07-23 11:48:10',32,1,'2018-07-19','17:43:00',0);
insert  into `photos`(`id`,`name_origne`,`name`,`is_postable_on_facebook`,`deleted`,`created`,`modified`,`evenement_id`,`is_gererated_thumb`,`date_prise_photo`,`heure_prise_photo`,`is_in_corbeille`) values (2126,'Default-2018-7-19-63931.jpg','Default-2018-7-19-63931.jpg',0,0,'2018-07-23 10:38:21','2018-07-23 11:48:11',32,1,'2018-07-19','17:45:00',0);
insert  into `photos`(`id`,`name_origne`,`name`,`is_postable_on_facebook`,`deleted`,`created`,`modified`,`evenement_id`,`is_gererated_thumb`,`date_prise_photo`,`heure_prise_photo`,`is_in_corbeille`) values (2127,'Default-2018-7-19-63998.jpg','Default-2018-7-19-63998.jpg',0,0,'2018-07-23 10:38:21','2018-07-23 11:48:11',32,1,'2018-07-19','17:46:00',0);
insert  into `photos`(`id`,`name_origne`,`name`,`is_postable_on_facebook`,`deleted`,`created`,`modified`,`evenement_id`,`is_gererated_thumb`,`date_prise_photo`,`heure_prise_photo`,`is_in_corbeille`) values (2128,'Default-2018-7-19-64071.jpg','Default-2018-7-19-64071.jpg',0,0,'2018-07-23 10:38:22','2018-07-23 11:48:11',32,1,'2018-07-19','17:47:00',0);
insert  into `photos`(`id`,`name_origne`,`name`,`is_postable_on_facebook`,`deleted`,`created`,`modified`,`evenement_id`,`is_gererated_thumb`,`date_prise_photo`,`heure_prise_photo`,`is_in_corbeille`) values (2130,'Default-2018-7-19-64262.jpg','Default-2018-7-19-64262.jpg',0,0,'2018-07-23 10:38:23','2018-07-23 11:48:12',32,1,'2018-07-19','17:51:00',0);
insert  into `photos`(`id`,`name_origne`,`name`,`is_postable_on_facebook`,`deleted`,`created`,`modified`,`evenement_id`,`is_gererated_thumb`,`date_prise_photo`,`heure_prise_photo`,`is_in_corbeille`) values (2131,'Default-2018-7-19-64347.jpg','Default-2018-7-19-64347.jpg',0,0,'2018-07-23 10:38:23','2018-07-23 11:48:12',32,1,'2018-07-19','17:52:00',0);
insert  into `photos`(`id`,`name_origne`,`name`,`is_postable_on_facebook`,`deleted`,`created`,`modified`,`evenement_id`,`is_gererated_thumb`,`date_prise_photo`,`heure_prise_photo`,`is_in_corbeille`) values (2132,'Default-2018-7-19-64426.jpg','Default-2018-7-19-64426.jpg',0,0,'2018-07-23 10:38:23','2018-07-23 11:48:12',32,1,'2018-07-19','17:53:00',0);
insert  into `photos`(`id`,`name_origne`,`name`,`is_postable_on_facebook`,`deleted`,`created`,`modified`,`evenement_id`,`is_gererated_thumb`,`date_prise_photo`,`heure_prise_photo`,`is_in_corbeille`) values (2134,'Default-2018-7-19-64618.jpg','Default-2018-7-19-64618.jpg',0,0,'2018-07-23 10:38:24','2018-07-23 11:48:13',32,1,'2018-07-19','17:56:00',0);
insert  into `photos`(`id`,`name_origne`,`name`,`is_postable_on_facebook`,`deleted`,`created`,`modified`,`evenement_id`,`is_gererated_thumb`,`date_prise_photo`,`heure_prise_photo`,`is_in_corbeille`) values (2135,'Default-2018-7-19-64676.jpg','Default-2018-7-19-64676.jpg',0,0,'2018-07-23 10:38:24','2018-07-23 11:48:13',32,1,'2018-07-19','17:57:00',0);
insert  into `photos`(`id`,`name_origne`,`name`,`is_postable_on_facebook`,`deleted`,`created`,`modified`,`evenement_id`,`is_gererated_thumb`,`date_prise_photo`,`heure_prise_photo`,`is_in_corbeille`) values (2136,'Default-2018-7-19-64747.jpg','Default-2018-7-19-64747.jpg',0,0,'2018-07-23 10:38:24','2018-07-23 11:48:13',32,1,'2018-07-19','17:59:00',0);
insert  into `photos`(`id`,`name_origne`,`name`,`is_postable_on_facebook`,`deleted`,`created`,`modified`,`evenement_id`,`is_gererated_thumb`,`date_prise_photo`,`heure_prise_photo`,`is_in_corbeille`) values (2137,'Default-2018-7-19-64859.jpg','Default-2018-7-19-64859.jpg',0,0,'2018-07-23 10:38:24','2018-07-23 11:48:14',32,1,'2018-07-19','18:01:00',0);
insert  into `photos`(`id`,`name_origne`,`name`,`is_postable_on_facebook`,`deleted`,`created`,`modified`,`evenement_id`,`is_gererated_thumb`,`date_prise_photo`,`heure_prise_photo`,`is_in_corbeille`) values (2138,'Default-2018-7-19-64944.jpg','Default-2018-7-19-64944.jpg',0,0,'2018-07-23 10:38:25','2018-07-23 11:48:14',32,1,'2018-07-19','18:02:00',0);
insert  into `photos`(`id`,`name_origne`,`name`,`is_postable_on_facebook`,`deleted`,`created`,`modified`,`evenement_id`,`is_gererated_thumb`,`date_prise_photo`,`heure_prise_photo`,`is_in_corbeille`) values (2139,'Default-2018-7-19-65053.jpg','Default-2018-7-19-65053.jpg',0,0,'2018-07-23 10:38:25','2018-07-23 11:48:15',32,1,'2018-07-19','18:04:00',0);
insert  into `photos`(`id`,`name_origne`,`name`,`is_postable_on_facebook`,`deleted`,`created`,`modified`,`evenement_id`,`is_gererated_thumb`,`date_prise_photo`,`heure_prise_photo`,`is_in_corbeille`) values (2140,'Default-2018-7-19-65135.jpg','Default-2018-7-19-65135.jpg',0,0,'2018-07-23 10:38:26','2018-07-23 11:48:15',32,1,'2018-07-19','18:05:00',0);
insert  into `photos`(`id`,`name_origne`,`name`,`is_postable_on_facebook`,`deleted`,`created`,`modified`,`evenement_id`,`is_gererated_thumb`,`date_prise_photo`,`heure_prise_photo`,`is_in_corbeille`) values (2141,'Default-2018-7-19-65231.jpg','Default-2018-7-19-65231.jpg',0,0,'2018-07-23 10:38:26','2018-07-23 11:48:15',32,1,'2018-07-19','18:07:00',0);
insert  into `photos`(`id`,`name_origne`,`name`,`is_postable_on_facebook`,`deleted`,`created`,`modified`,`evenement_id`,`is_gererated_thumb`,`date_prise_photo`,`heure_prise_photo`,`is_in_corbeille`) values (2142,'Default-2018-7-19-65335.jpg','Default-2018-7-19-65335.jpg',0,0,'2018-07-23 10:38:26','2018-07-23 11:48:16',32,1,'2018-07-19','18:08:00',0);
insert  into `photos`(`id`,`name_origne`,`name`,`is_postable_on_facebook`,`deleted`,`created`,`modified`,`evenement_id`,`is_gererated_thumb`,`date_prise_photo`,`heure_prise_photo`,`is_in_corbeille`) values (2143,'Default-2018-7-19-65480.jpg','Default-2018-7-19-65480.jpg',0,0,'2018-07-23 10:38:26','2018-07-23 11:48:16',32,1,'2018-07-19','18:11:00',0);
insert  into `photos`(`id`,`name_origne`,`name`,`is_postable_on_facebook`,`deleted`,`created`,`modified`,`evenement_id`,`is_gererated_thumb`,`date_prise_photo`,`heure_prise_photo`,`is_in_corbeille`) values (2144,'Default-2018-7-19-65582.jpg','Default-2018-7-19-65582.jpg',0,0,'2018-07-23 10:38:27','2018-07-23 11:48:16',32,1,'2018-07-19','18:13:00',0);
insert  into `photos`(`id`,`name_origne`,`name`,`is_postable_on_facebook`,`deleted`,`created`,`modified`,`evenement_id`,`is_gererated_thumb`,`date_prise_photo`,`heure_prise_photo`,`is_in_corbeille`) values (2145,'Default-2018-7-19-65673.jpg','Default-2018-7-19-65673.jpg',0,0,'2018-07-23 10:38:27','2018-07-23 11:48:17',32,1,'2018-07-19','18:14:00',0);
insert  into `photos`(`id`,`name_origne`,`name`,`is_postable_on_facebook`,`deleted`,`created`,`modified`,`evenement_id`,`is_gererated_thumb`,`date_prise_photo`,`heure_prise_photo`,`is_in_corbeille`) values (2146,'Default-2018-7-19-65759.jpg','Default-2018-7-19-65759.jpg',0,0,'2018-07-23 10:38:27','2018-07-23 11:48:17',32,1,'2018-07-19','18:15:00',0);
insert  into `photos`(`id`,`name_origne`,`name`,`is_postable_on_facebook`,`deleted`,`created`,`modified`,`evenement_id`,`is_gererated_thumb`,`date_prise_photo`,`heure_prise_photo`,`is_in_corbeille`) values (2147,'Default-2018-7-19-65909.jpg','Default-2018-7-19-65909.jpg',0,0,'2018-07-23 10:38:27','2018-07-23 11:48:18',32,1,'2018-07-19','18:18:00',0);
insert  into `photos`(`id`,`name_origne`,`name`,`is_postable_on_facebook`,`deleted`,`created`,`modified`,`evenement_id`,`is_gererated_thumb`,`date_prise_photo`,`heure_prise_photo`,`is_in_corbeille`) values (2148,'Default-2018-7-19-65993.jpg','Default-2018-7-19-65993.jpg',0,0,'2018-07-23 10:38:27','2018-07-23 11:48:18',32,1,'2018-07-19','18:19:00',0);
insert  into `photos`(`id`,`name_origne`,`name`,`is_postable_on_facebook`,`deleted`,`created`,`modified`,`evenement_id`,`is_gererated_thumb`,`date_prise_photo`,`heure_prise_photo`,`is_in_corbeille`) values (2149,'Default-2018-7-19-66072.jpg','Default-2018-7-19-66072.jpg',0,0,'2018-07-23 10:38:28','2018-07-23 11:48:18',32,1,'2018-07-19','18:21:00',0);
insert  into `photos`(`id`,`name_origne`,`name`,`is_postable_on_facebook`,`deleted`,`created`,`modified`,`evenement_id`,`is_gererated_thumb`,`date_prise_photo`,`heure_prise_photo`,`is_in_corbeille`) values (2150,'Default-2018-7-19-66163.jpg','Default-2018-7-19-66163.jpg',0,0,'2018-07-23 10:38:28','2018-07-23 11:48:19',32,1,'2018-07-19','18:22:00',0);
insert  into `photos`(`id`,`name_origne`,`name`,`is_postable_on_facebook`,`deleted`,`created`,`modified`,`evenement_id`,`is_gererated_thumb`,`date_prise_photo`,`heure_prise_photo`,`is_in_corbeille`) values (2151,'Default-2018-7-19-66261.jpg','Default-2018-7-19-66261.jpg',0,0,'2018-07-23 10:38:28','2018-07-23 11:48:19',32,1,'2018-07-19','18:24:00',0);
insert  into `photos`(`id`,`name_origne`,`name`,`is_postable_on_facebook`,`deleted`,`created`,`modified`,`evenement_id`,`is_gererated_thumb`,`date_prise_photo`,`heure_prise_photo`,`is_in_corbeille`) values (2152,'Default-2018-7-19-66352.jpg','Default-2018-7-19-66352.jpg',0,0,'2018-07-23 10:38:29','2018-07-23 11:48:20',32,1,'2018-07-19','18:25:00',0);
insert  into `photos`(`id`,`name_origne`,`name`,`is_postable_on_facebook`,`deleted`,`created`,`modified`,`evenement_id`,`is_gererated_thumb`,`date_prise_photo`,`heure_prise_photo`,`is_in_corbeille`) values (2153,'Default-2018-7-19-66548.jpg','Default-2018-7-19-66548.jpg',0,0,'2018-07-23 10:38:29','2018-07-23 11:48:20',32,1,'2018-07-19','18:29:00',0);
insert  into `photos`(`id`,`name_origne`,`name`,`is_postable_on_facebook`,`deleted`,`created`,`modified`,`evenement_id`,`is_gererated_thumb`,`date_prise_photo`,`heure_prise_photo`,`is_in_corbeille`) values (2154,'Default-2018-7-19-66641.jpg','Default-2018-7-19-66641.jpg',0,0,'2018-07-23 10:38:29','2018-07-23 11:48:20',32,1,'2018-07-19','18:30:00',0);
insert  into `photos`(`id`,`name_origne`,`name`,`is_postable_on_facebook`,`deleted`,`created`,`modified`,`evenement_id`,`is_gererated_thumb`,`date_prise_photo`,`heure_prise_photo`,`is_in_corbeille`) values (2156,'Default-2018-7-19-66836.jpg','Default-2018-7-19-66836.jpg',0,0,'2018-07-23 10:38:30','2018-07-23 11:48:21',32,1,'2018-07-19','18:33:00',0);
insert  into `photos`(`id`,`name_origne`,`name`,`is_postable_on_facebook`,`deleted`,`created`,`modified`,`evenement_id`,`is_gererated_thumb`,`date_prise_photo`,`heure_prise_photo`,`is_in_corbeille`) values (2157,'Default-2018-7-19-66949.jpg','Default-2018-7-19-66949.jpg',0,0,'2018-07-23 10:38:30','2018-07-23 11:48:21',32,1,'2018-07-19','18:35:00',0);
insert  into `photos`(`id`,`name_origne`,`name`,`is_postable_on_facebook`,`deleted`,`created`,`modified`,`evenement_id`,`is_gererated_thumb`,`date_prise_photo`,`heure_prise_photo`,`is_in_corbeille`) values (2158,'Default-2018-7-19-67055.jpg','Default-2018-7-19-67055.jpg',0,0,'2018-07-23 10:38:31','2018-07-23 11:48:21',32,1,'2018-07-19','18:37:00',0);
insert  into `photos`(`id`,`name_origne`,`name`,`is_postable_on_facebook`,`deleted`,`created`,`modified`,`evenement_id`,`is_gererated_thumb`,`date_prise_photo`,`heure_prise_photo`,`is_in_corbeille`) values (2159,'Default-2018-7-19-67161.jpg','Default-2018-7-19-67161.jpg',0,0,'2018-07-23 10:38:31','2018-07-23 11:48:22',32,1,'2018-07-19','18:39:00',0);
insert  into `photos`(`id`,`name_origne`,`name`,`is_postable_on_facebook`,`deleted`,`created`,`modified`,`evenement_id`,`is_gererated_thumb`,`date_prise_photo`,`heure_prise_photo`,`is_in_corbeille`) values (2160,'Default-2018-7-19-67258.jpg','Default-2018-7-19-67258.jpg',0,0,'2018-07-23 10:38:31','2018-07-23 11:48:22',32,1,'2018-07-19','18:40:00',0);
insert  into `photos`(`id`,`name_origne`,`name`,`is_postable_on_facebook`,`deleted`,`created`,`modified`,`evenement_id`,`is_gererated_thumb`,`date_prise_photo`,`heure_prise_photo`,`is_in_corbeille`) values (2161,'Default-2018-7-19-67352.jpg','Default-2018-7-19-67352.jpg',0,0,'2018-07-23 10:38:31','2018-07-23 11:48:22',32,1,'2018-07-19','18:42:00',0);
insert  into `photos`(`id`,`name_origne`,`name`,`is_postable_on_facebook`,`deleted`,`created`,`modified`,`evenement_id`,`is_gererated_thumb`,`date_prise_photo`,`heure_prise_photo`,`is_in_corbeille`) values (2162,'Default-2018-7-19-67485.jpg','Default-2018-7-19-67485.jpg',0,0,'2018-07-23 10:38:32','2018-07-23 11:48:23',32,1,'2018-07-19','18:44:00',0);
insert  into `photos`(`id`,`name_origne`,`name`,`is_postable_on_facebook`,`deleted`,`created`,`modified`,`evenement_id`,`is_gererated_thumb`,`date_prise_photo`,`heure_prise_photo`,`is_in_corbeille`) values (2163,'Default-2018-7-19-67571.jpg','Default-2018-7-19-67571.jpg',0,0,'2018-07-23 10:38:32','2018-07-23 11:48:23',32,1,'2018-07-19','18:46:00',0);
insert  into `photos`(`id`,`name_origne`,`name`,`is_postable_on_facebook`,`deleted`,`created`,`modified`,`evenement_id`,`is_gererated_thumb`,`date_prise_photo`,`heure_prise_photo`,`is_in_corbeille`) values (2164,'Default-2018-7-19-67689.jpg','Default-2018-7-19-67689.jpg',0,0,'2018-07-23 10:38:32','2018-07-23 11:48:23',32,1,'2018-07-19','18:48:00',0);
insert  into `photos`(`id`,`name_origne`,`name`,`is_postable_on_facebook`,`deleted`,`created`,`modified`,`evenement_id`,`is_gererated_thumb`,`date_prise_photo`,`heure_prise_photo`,`is_in_corbeille`) values (2165,'Default-2018-7-19-67780.jpg','Default-2018-7-19-67780.jpg',0,1,'2018-07-23 10:38:32','2018-07-23 12:41:07',32,1,'2018-07-19','18:49:00',0);
insert  into `photos`(`id`,`name_origne`,`name`,`is_postable_on_facebook`,`deleted`,`created`,`modified`,`evenement_id`,`is_gererated_thumb`,`date_prise_photo`,`heure_prise_photo`,`is_in_corbeille`) values (2166,'Default-2018-7-19-67835.jpg','Default-2018-7-19-67835.jpg',0,0,'2018-07-23 10:38:33','2018-07-23 11:48:24',32,1,'2018-07-19','18:50:00',0);
insert  into `photos`(`id`,`name_origne`,`name`,`is_postable_on_facebook`,`deleted`,`created`,`modified`,`evenement_id`,`is_gererated_thumb`,`date_prise_photo`,`heure_prise_photo`,`is_in_corbeille`) values (2167,'Default-2018-7-19-67926.jpg','Default-2018-7-19-67926.jpg',0,0,'2018-07-23 10:38:33','2018-07-23 11:48:24',32,1,'2018-07-19','18:52:00',0);
insert  into `photos`(`id`,`name_origne`,`name`,`is_postable_on_facebook`,`deleted`,`created`,`modified`,`evenement_id`,`is_gererated_thumb`,`date_prise_photo`,`heure_prise_photo`,`is_in_corbeille`) values (2168,'Default-2018-7-19-68015.jpg','Default-2018-7-19-68015.jpg',0,0,'2018-07-23 10:38:34','2018-07-23 11:48:25',32,1,'2018-07-19','18:53:00',0);
insert  into `photos`(`id`,`name_origne`,`name`,`is_postable_on_facebook`,`deleted`,`created`,`modified`,`evenement_id`,`is_gererated_thumb`,`date_prise_photo`,`heure_prise_photo`,`is_in_corbeille`) values (2169,'Default-2018-7-19-68122.jpg','Default-2018-7-19-68122.jpg',0,0,'2018-07-23 10:38:34','2018-07-23 11:48:25',32,1,'2018-07-19','18:55:00',0);
insert  into `photos`(`id`,`name_origne`,`name`,`is_postable_on_facebook`,`deleted`,`created`,`modified`,`evenement_id`,`is_gererated_thumb`,`date_prise_photo`,`heure_prise_photo`,`is_in_corbeille`) values (2170,'Default-2018-7-19-68196.jpg','Default-2018-7-19-68196.jpg',0,0,'2018-07-23 10:38:34','2018-07-23 11:48:25',32,1,'2018-07-19','18:56:00',0);
insert  into `photos`(`id`,`name_origne`,`name`,`is_postable_on_facebook`,`deleted`,`created`,`modified`,`evenement_id`,`is_gererated_thumb`,`date_prise_photo`,`heure_prise_photo`,`is_in_corbeille`) values (2171,'Default-2018-7-19-68268.jpg','Default-2018-7-19-68268.jpg',0,0,'2018-07-23 10:38:34','2018-07-23 11:48:26',32,1,'2018-07-19','18:57:00',0);
insert  into `photos`(`id`,`name_origne`,`name`,`is_postable_on_facebook`,`deleted`,`created`,`modified`,`evenement_id`,`is_gererated_thumb`,`date_prise_photo`,`heure_prise_photo`,`is_in_corbeille`) values (2172,'Default-2018-7-19-68334.jpg','Default-2018-7-19-68334.jpg',0,0,'2018-07-23 10:38:34','2018-07-23 11:48:26',32,1,'2018-07-19','18:58:00',0);
insert  into `photos`(`id`,`name_origne`,`name`,`is_postable_on_facebook`,`deleted`,`created`,`modified`,`evenement_id`,`is_gererated_thumb`,`date_prise_photo`,`heure_prise_photo`,`is_in_corbeille`) values (2173,'Default-2018-7-19-68441.jpg','Default-2018-7-19-68441.jpg',0,0,'2018-07-23 10:38:35','2018-07-23 11:48:26',32,1,'2018-07-19','19:00:00',0);
insert  into `photos`(`id`,`name_origne`,`name`,`is_postable_on_facebook`,`deleted`,`created`,`modified`,`evenement_id`,`is_gererated_thumb`,`date_prise_photo`,`heure_prise_photo`,`is_in_corbeille`) values (2174,'Default-2018-7-19-68526.jpg','Default-2018-7-19-68526.jpg',0,0,'2018-07-23 10:38:35','2018-07-23 11:48:27',32,1,'2018-07-19','19:02:00',0);
insert  into `photos`(`id`,`name_origne`,`name`,`is_postable_on_facebook`,`deleted`,`created`,`modified`,`evenement_id`,`is_gererated_thumb`,`date_prise_photo`,`heure_prise_photo`,`is_in_corbeille`) values (2175,'Default-2018-7-19-68628.jpg','Default-2018-7-19-68628.jpg',0,0,'2018-07-23 10:38:35','2018-07-23 11:48:27',32,1,'2018-07-19','19:03:00',0);
insert  into `photos`(`id`,`name_origne`,`name`,`is_postable_on_facebook`,`deleted`,`created`,`modified`,`evenement_id`,`is_gererated_thumb`,`date_prise_photo`,`heure_prise_photo`,`is_in_corbeille`) values (2176,'Default-2018-7-19-68709.jpg','Default-2018-7-19-68709.jpg',0,0,'2018-07-23 10:38:35','2018-07-23 11:48:27',32,1,'2018-07-19','19:05:00',0);
insert  into `photos`(`id`,`name_origne`,`name`,`is_postable_on_facebook`,`deleted`,`created`,`modified`,`evenement_id`,`is_gererated_thumb`,`date_prise_photo`,`heure_prise_photo`,`is_in_corbeille`) values (2178,'Default-2018-7-19-68842.jpg','Default-2018-7-19-68842.jpg',0,0,'2018-07-23 10:38:36','2018-07-23 11:48:28',32,1,'2018-07-19','19:07:00',0);
insert  into `photos`(`id`,`name_origne`,`name`,`is_postable_on_facebook`,`deleted`,`created`,`modified`,`evenement_id`,`is_gererated_thumb`,`date_prise_photo`,`heure_prise_photo`,`is_in_corbeille`) values (2179,'Default-2018-7-19-68924.jpg','Default-2018-7-19-68924.jpg',0,0,'2018-07-23 10:38:36','2018-07-23 11:48:28',32,1,'2018-07-19','19:08:00',0);
insert  into `photos`(`id`,`name_origne`,`name`,`is_postable_on_facebook`,`deleted`,`created`,`modified`,`evenement_id`,`is_gererated_thumb`,`date_prise_photo`,`heure_prise_photo`,`is_in_corbeille`) values (2180,'Default-2018-7-19-69038.jpg','Default-2018-7-19-69038.jpg',0,0,'2018-07-23 10:38:37','2018-07-23 11:48:28',32,1,'2018-07-19','19:10:00',0);
insert  into `photos`(`id`,`name_origne`,`name`,`is_postable_on_facebook`,`deleted`,`created`,`modified`,`evenement_id`,`is_gererated_thumb`,`date_prise_photo`,`heure_prise_photo`,`is_in_corbeille`) values (2181,'Default-2018-7-19-69163.jpg','Default-2018-7-19-69163.jpg',0,0,'2018-07-23 10:38:37','2018-07-23 11:48:29',32,1,'2018-07-19','19:12:00',0);
insert  into `photos`(`id`,`name_origne`,`name`,`is_postable_on_facebook`,`deleted`,`created`,`modified`,`evenement_id`,`is_gererated_thumb`,`date_prise_photo`,`heure_prise_photo`,`is_in_corbeille`) values (2183,'Default-2018-7-19-69329.jpg','Default-2018-7-19-69329.jpg',0,0,'2018-07-23 10:38:37','2018-07-23 11:48:29',32,1,'2018-07-19','19:15:00',0);
insert  into `photos`(`id`,`name_origne`,`name`,`is_postable_on_facebook`,`deleted`,`created`,`modified`,`evenement_id`,`is_gererated_thumb`,`date_prise_photo`,`heure_prise_photo`,`is_in_corbeille`) values (2184,'Default-2018-7-19-69476.jpg','Default-2018-7-19-69476.jpg',0,0,'2018-07-23 10:38:37','2018-07-23 11:48:29',32,1,'2018-07-19','19:17:00',0);
insert  into `photos`(`id`,`name_origne`,`name`,`is_postable_on_facebook`,`deleted`,`created`,`modified`,`evenement_id`,`is_gererated_thumb`,`date_prise_photo`,`heure_prise_photo`,`is_in_corbeille`) values (2185,'Default-2018-7-19-69584.jpg','Default-2018-7-19-69584.jpg',0,0,'2018-07-23 10:38:37','2018-07-23 11:48:30',32,1,'2018-07-19','19:19:00',0);
insert  into `photos`(`id`,`name_origne`,`name`,`is_postable_on_facebook`,`deleted`,`created`,`modified`,`evenement_id`,`is_gererated_thumb`,`date_prise_photo`,`heure_prise_photo`,`is_in_corbeille`) values (2186,'Default-2018-7-19-69647.jpg','Default-2018-7-19-69647.jpg',0,0,'2018-07-23 10:38:38','2018-07-23 11:48:30',32,1,'2018-07-19','19:20:00',0);
insert  into `photos`(`id`,`name_origne`,`name`,`is_postable_on_facebook`,`deleted`,`created`,`modified`,`evenement_id`,`is_gererated_thumb`,`date_prise_photo`,`heure_prise_photo`,`is_in_corbeille`) values (2187,'Default-2018-7-19-69741.jpg','Default-2018-7-19-69741.jpg',0,0,'2018-07-23 10:38:38','2018-07-23 11:48:30',32,1,'2018-07-19','19:22:00',0);
insert  into `photos`(`id`,`name_origne`,`name`,`is_postable_on_facebook`,`deleted`,`created`,`modified`,`evenement_id`,`is_gererated_thumb`,`date_prise_photo`,`heure_prise_photo`,`is_in_corbeille`) values (2188,'Default-2018-7-19-69923.jpg','Default-2018-7-19-69923.jpg',0,0,'2018-07-23 10:38:38','2018-07-23 11:48:31',32,1,'2018-07-19','19:25:00',0);
insert  into `photos`(`id`,`name_origne`,`name`,`is_postable_on_facebook`,`deleted`,`created`,`modified`,`evenement_id`,`is_gererated_thumb`,`date_prise_photo`,`heure_prise_photo`,`is_in_corbeille`) values (2189,'Default-2018-7-19-70028.jpg','Default-2018-7-19-70028.jpg',0,0,'2018-07-23 10:38:39','2018-07-23 11:48:31',32,1,'2018-07-19','19:27:00',0);
insert  into `photos`(`id`,`name_origne`,`name`,`is_postable_on_facebook`,`deleted`,`created`,`modified`,`evenement_id`,`is_gererated_thumb`,`date_prise_photo`,`heure_prise_photo`,`is_in_corbeille`) values (2190,'Default-2018-7-19-70154.jpg','Default-2018-7-19-70154.jpg',0,0,'2018-07-23 10:38:39','2018-07-23 11:48:31',32,1,'2018-07-19','19:29:00',0);
insert  into `photos`(`id`,`name_origne`,`name`,`is_postable_on_facebook`,`deleted`,`created`,`modified`,`evenement_id`,`is_gererated_thumb`,`date_prise_photo`,`heure_prise_photo`,`is_in_corbeille`) values (2191,'Default-2018-7-19-70305.jpg','Default-2018-7-19-70305.jpg',0,0,'2018-07-23 10:38:39','2018-07-23 11:48:32',32,1,'2018-07-19','19:31:00',0);
insert  into `photos`(`id`,`name_origne`,`name`,`is_postable_on_facebook`,`deleted`,`created`,`modified`,`evenement_id`,`is_gererated_thumb`,`date_prise_photo`,`heure_prise_photo`,`is_in_corbeille`) values (2192,'Default-2018-7-19-70389.jpg','Default-2018-7-19-70389.jpg',0,0,'2018-07-23 10:38:39','2018-07-23 11:48:32',32,1,'2018-07-19','19:33:00',0);
insert  into `photos`(`id`,`name_origne`,`name`,`is_postable_on_facebook`,`deleted`,`created`,`modified`,`evenement_id`,`is_gererated_thumb`,`date_prise_photo`,`heure_prise_photo`,`is_in_corbeille`) values (2193,'Default-2018-7-19-70516.jpg','Default-2018-7-19-70516.jpg',0,0,'2018-07-23 10:38:39','2018-07-23 11:48:32',32,1,'2018-07-19','19:35:00',0);
insert  into `photos`(`id`,`name_origne`,`name`,`is_postable_on_facebook`,`deleted`,`created`,`modified`,`evenement_id`,`is_gererated_thumb`,`date_prise_photo`,`heure_prise_photo`,`is_in_corbeille`) values (2194,'Default-2018-7-19-70630.jpg','Default-2018-7-19-70630.jpg',0,0,'2018-07-23 10:38:39','2018-07-23 11:48:33',32,1,'2018-07-19','19:37:00',0);
insert  into `photos`(`id`,`name_origne`,`name`,`is_postable_on_facebook`,`deleted`,`created`,`modified`,`evenement_id`,`is_gererated_thumb`,`date_prise_photo`,`heure_prise_photo`,`is_in_corbeille`) values (2195,'Default-2018-7-19-70859.jpg','Default-2018-7-19-70859.jpg',0,0,'2018-07-23 10:38:40','2018-07-23 11:48:33',32,1,'2018-07-19','19:40:00',0);
insert  into `photos`(`id`,`name_origne`,`name`,`is_postable_on_facebook`,`deleted`,`created`,`modified`,`evenement_id`,`is_gererated_thumb`,`date_prise_photo`,`heure_prise_photo`,`is_in_corbeille`) values (2196,'Default-2018-7-19-70970.jpg','Default-2018-7-19-70970.jpg',0,0,'2018-07-23 10:38:40','2018-07-23 11:48:34',32,1,'2018-07-19','19:42:00',0);
insert  into `photos`(`id`,`name_origne`,`name`,`is_postable_on_facebook`,`deleted`,`created`,`modified`,`evenement_id`,`is_gererated_thumb`,`date_prise_photo`,`heure_prise_photo`,`is_in_corbeille`) values (2197,'Default-2018-7-19-71050.jpg','Default-2018-7-19-71050.jpg',0,0,'2018-07-23 10:38:40','2018-07-23 11:48:34',32,1,'2018-07-19','19:44:00',0);
insert  into `photos`(`id`,`name_origne`,`name`,`is_postable_on_facebook`,`deleted`,`created`,`modified`,`evenement_id`,`is_gererated_thumb`,`date_prise_photo`,`heure_prise_photo`,`is_in_corbeille`) values (2198,'Default-2018-7-19-71126.jpg','Default-2018-7-19-71126.jpg',0,0,'2018-07-23 10:38:41','2018-07-23 11:48:34',32,1,'2018-07-19','19:45:00',0);
insert  into `photos`(`id`,`name_origne`,`name`,`is_postable_on_facebook`,`deleted`,`created`,`modified`,`evenement_id`,`is_gererated_thumb`,`date_prise_photo`,`heure_prise_photo`,`is_in_corbeille`) values (2199,'Default-2018-7-19-71210.jpg','Default-2018-7-19-71210.jpg',0,0,'2018-07-23 10:38:41','2018-07-23 11:48:35',32,1,'2018-07-19','19:46:00',0);
insert  into `photos`(`id`,`name_origne`,`name`,`is_postable_on_facebook`,`deleted`,`created`,`modified`,`evenement_id`,`is_gererated_thumb`,`date_prise_photo`,`heure_prise_photo`,`is_in_corbeille`) values (2201,'Default-2018-7-19-71402.jpg','Default-2018-7-19-71402.jpg',0,0,'2018-07-23 10:38:41','2018-07-23 11:48:36',32,1,'2018-07-19','19:50:00',0);
insert  into `photos`(`id`,`name_origne`,`name`,`is_postable_on_facebook`,`deleted`,`created`,`modified`,`evenement_id`,`is_gererated_thumb`,`date_prise_photo`,`heure_prise_photo`,`is_in_corbeille`) values (2202,'Default-2018-7-19-71497.jpg','Default-2018-7-19-71497.jpg',0,0,'2018-07-23 10:38:42','2018-07-23 11:48:36',32,1,'2018-07-19','19:51:00',0);
insert  into `photos`(`id`,`name_origne`,`name`,`is_postable_on_facebook`,`deleted`,`created`,`modified`,`evenement_id`,`is_gererated_thumb`,`date_prise_photo`,`heure_prise_photo`,`is_in_corbeille`) values (2203,'Default-2018-7-19-71617.jpg','Default-2018-7-19-71617.jpg',0,0,'2018-07-23 10:38:42','2018-07-23 11:48:37',32,1,'2018-07-19','19:53:00',0);
insert  into `photos`(`id`,`name_origne`,`name`,`is_postable_on_facebook`,`deleted`,`created`,`modified`,`evenement_id`,`is_gererated_thumb`,`date_prise_photo`,`heure_prise_photo`,`is_in_corbeille`) values (2204,'Default-2018-7-19-71711.jpg','Default-2018-7-19-71711.jpg',0,0,'2018-07-23 10:38:42','2018-07-23 11:48:37',32,1,'2018-07-19','19:55:00',0);
insert  into `photos`(`id`,`name_origne`,`name`,`is_postable_on_facebook`,`deleted`,`created`,`modified`,`evenement_id`,`is_gererated_thumb`,`date_prise_photo`,`heure_prise_photo`,`is_in_corbeille`) values (2205,'Default-2018-7-19-71804.jpg','Default-2018-7-19-71804.jpg',0,0,'2018-07-23 10:38:42','2018-07-23 11:48:37',32,1,'2018-07-19','19:56:00',0);
insert  into `photos`(`id`,`name_origne`,`name`,`is_postable_on_facebook`,`deleted`,`created`,`modified`,`evenement_id`,`is_gererated_thumb`,`date_prise_photo`,`heure_prise_photo`,`is_in_corbeille`) values (2206,'Default-2018-7-19-71891.jpg','Default-2018-7-19-71891.jpg',0,0,'2018-07-23 10:38:43','2018-07-23 11:48:38',32,1,'2018-07-19','19:58:00',0);
insert  into `photos`(`id`,`name_origne`,`name`,`is_postable_on_facebook`,`deleted`,`created`,`modified`,`evenement_id`,`is_gererated_thumb`,`date_prise_photo`,`heure_prise_photo`,`is_in_corbeille`) values (2207,'Default-2018-7-19-71965.jpg','Default-2018-7-19-71965.jpg',0,0,'2018-07-23 10:38:43','2018-07-23 11:48:38',32,1,'2018-07-19','19:59:00',0);
insert  into `photos`(`id`,`name_origne`,`name`,`is_postable_on_facebook`,`deleted`,`created`,`modified`,`evenement_id`,`is_gererated_thumb`,`date_prise_photo`,`heure_prise_photo`,`is_in_corbeille`) values (2208,'Default-2018-7-19-72123.jpg','Default-2018-7-19-72123.jpg',0,0,'2018-07-23 10:38:43','2018-07-23 11:48:38',32,1,'2018-07-19','20:02:00',0);
insert  into `photos`(`id`,`name_origne`,`name`,`is_postable_on_facebook`,`deleted`,`created`,`modified`,`evenement_id`,`is_gererated_thumb`,`date_prise_photo`,`heure_prise_photo`,`is_in_corbeille`) values (2209,'Default-2018-7-19-72230.jpg','Default-2018-7-19-72230.jpg',0,0,'2018-07-23 10:38:43','2018-07-23 11:48:39',32,1,'2018-07-19','20:03:00',0);
insert  into `photos`(`id`,`name_origne`,`name`,`is_postable_on_facebook`,`deleted`,`created`,`modified`,`evenement_id`,`is_gererated_thumb`,`date_prise_photo`,`heure_prise_photo`,`is_in_corbeille`) values (2210,'Default-2018-7-19-72304.jpg','Default-2018-7-19-72304.jpg',0,0,'2018-07-23 10:38:44','2018-07-23 11:48:39',32,1,'2018-07-19','20:05:00',0);
insert  into `photos`(`id`,`name_origne`,`name`,`is_postable_on_facebook`,`deleted`,`created`,`modified`,`evenement_id`,`is_gererated_thumb`,`date_prise_photo`,`heure_prise_photo`,`is_in_corbeille`) values (2211,'Default-2018-7-19-72396.jpg','Default-2018-7-19-72396.jpg',0,0,'2018-07-23 10:38:44','2018-07-23 11:48:40',32,1,'2018-07-19','20:06:00',0);
insert  into `photos`(`id`,`name_origne`,`name`,`is_postable_on_facebook`,`deleted`,`created`,`modified`,`evenement_id`,`is_gererated_thumb`,`date_prise_photo`,`heure_prise_photo`,`is_in_corbeille`) values (2212,'Default-2018-7-19-72476.jpg','Default-2018-7-19-72476.jpg',0,0,'2018-07-23 10:38:44','2018-07-23 11:48:40',32,1,'2018-07-19','20:07:00',0);
insert  into `photos`(`id`,`name_origne`,`name`,`is_postable_on_facebook`,`deleted`,`created`,`modified`,`evenement_id`,`is_gererated_thumb`,`date_prise_photo`,`heure_prise_photo`,`is_in_corbeille`) values (2213,'Default-2018-7-19-72587.jpg','Default-2018-7-19-72587.jpg',0,0,'2018-07-23 10:38:44','2018-07-23 11:48:41',32,1,'2018-07-19','20:09:00',0);
insert  into `photos`(`id`,`name_origne`,`name`,`is_postable_on_facebook`,`deleted`,`created`,`modified`,`evenement_id`,`is_gererated_thumb`,`date_prise_photo`,`heure_prise_photo`,`is_in_corbeille`) values (2214,'Default-2018-7-19-72659.jpg','Default-2018-7-19-72659.jpg',0,0,'2018-07-23 10:38:45','2018-07-23 11:48:42',32,1,'2018-07-19','20:11:00',0);
insert  into `photos`(`id`,`name_origne`,`name`,`is_postable_on_facebook`,`deleted`,`created`,`modified`,`evenement_id`,`is_gererated_thumb`,`date_prise_photo`,`heure_prise_photo`,`is_in_corbeille`) values (2215,'Default-2018-7-19-72717.jpg','Default-2018-7-19-72717.jpg',0,0,'2018-07-23 10:38:45','2018-07-23 11:48:43',32,1,'2018-07-19','20:11:00',0);
insert  into `photos`(`id`,`name_origne`,`name`,`is_postable_on_facebook`,`deleted`,`created`,`modified`,`evenement_id`,`is_gererated_thumb`,`date_prise_photo`,`heure_prise_photo`,`is_in_corbeille`) values (2216,'Default-2018-7-19-72794.jpg','Default-2018-7-19-72794.jpg',0,0,'2018-07-23 10:38:45','2018-07-23 11:48:43',32,1,'2018-07-19','20:13:00',0);
insert  into `photos`(`id`,`name_origne`,`name`,`is_postable_on_facebook`,`deleted`,`created`,`modified`,`evenement_id`,`is_gererated_thumb`,`date_prise_photo`,`heure_prise_photo`,`is_in_corbeille`) values (2217,'Default-2018-7-19-72935.jpg','Default-2018-7-19-72935.jpg',0,0,'2018-07-23 10:38:45','2018-07-23 11:48:44',32,1,'2018-07-19','20:15:00',0);
insert  into `photos`(`id`,`name_origne`,`name`,`is_postable_on_facebook`,`deleted`,`created`,`modified`,`evenement_id`,`is_gererated_thumb`,`date_prise_photo`,`heure_prise_photo`,`is_in_corbeille`) values (2218,'Default-2018-7-19-73013.jpg','Default-2018-7-19-73013.jpg',0,0,'2018-07-23 10:38:45','2018-07-23 11:48:44',32,1,'2018-07-19','20:16:00',0);
insert  into `photos`(`id`,`name_origne`,`name`,`is_postable_on_facebook`,`deleted`,`created`,`modified`,`evenement_id`,`is_gererated_thumb`,`date_prise_photo`,`heure_prise_photo`,`is_in_corbeille`) values (2219,'Default-2018-7-19-73104.jpg','Default-2018-7-19-73104.jpg',0,0,'2018-07-23 10:38:46','2018-07-23 11:48:44',32,1,'2018-07-19','20:18:00',0);
insert  into `photos`(`id`,`name_origne`,`name`,`is_postable_on_facebook`,`deleted`,`created`,`modified`,`evenement_id`,`is_gererated_thumb`,`date_prise_photo`,`heure_prise_photo`,`is_in_corbeille`) values (2220,'Default-2018-7-19-73326.jpg','Default-2018-7-19-73326.jpg',0,0,'2018-07-23 10:38:46','2018-07-23 11:48:45',32,1,'2018-07-19','20:22:00',0);
insert  into `photos`(`id`,`name_origne`,`name`,`is_postable_on_facebook`,`deleted`,`created`,`modified`,`evenement_id`,`is_gererated_thumb`,`date_prise_photo`,`heure_prise_photo`,`is_in_corbeille`) values (2221,'Default-2018-7-19-73657.jpg','Default-2018-7-19-73657.jpg',0,0,'2018-07-23 10:38:46','2018-07-23 11:48:45',32,1,'2018-07-19','20:27:00',0);
insert  into `photos`(`id`,`name_origne`,`name`,`is_postable_on_facebook`,`deleted`,`created`,`modified`,`evenement_id`,`is_gererated_thumb`,`date_prise_photo`,`heure_prise_photo`,`is_in_corbeille`) values (2222,'Default-2018-7-19-73719.jpg','Default-2018-7-19-73719.jpg',0,0,'2018-07-23 10:38:47','2018-07-23 11:48:46',32,1,'2018-07-19','20:28:00',0);
insert  into `photos`(`id`,`name_origne`,`name`,`is_postable_on_facebook`,`deleted`,`created`,`modified`,`evenement_id`,`is_gererated_thumb`,`date_prise_photo`,`heure_prise_photo`,`is_in_corbeille`) values (2223,'Default-2018-7-19-73783.jpg','Default-2018-7-19-73783.jpg',0,0,'2018-07-23 10:38:47','2018-07-23 11:48:46',32,1,'2018-07-19','20:29:00',0);
insert  into `photos`(`id`,`name_origne`,`name`,`is_postable_on_facebook`,`deleted`,`created`,`modified`,`evenement_id`,`is_gererated_thumb`,`date_prise_photo`,`heure_prise_photo`,`is_in_corbeille`) values (2224,'Default-2018-7-19-73848.jpg','Default-2018-7-19-73848.jpg',0,0,'2018-07-23 10:38:47','2018-07-23 11:48:46',32,1,'2018-07-19','20:30:00',0);
insert  into `photos`(`id`,`name_origne`,`name`,`is_postable_on_facebook`,`deleted`,`created`,`modified`,`evenement_id`,`is_gererated_thumb`,`date_prise_photo`,`heure_prise_photo`,`is_in_corbeille`) values (2225,'Default-2018-7-19-74062.jpg','Default-2018-7-19-74062.jpg',0,0,'2018-07-23 10:38:47','2018-07-23 11:48:47',32,1,'2018-07-19','20:34:00',0);
insert  into `photos`(`id`,`name_origne`,`name`,`is_postable_on_facebook`,`deleted`,`created`,`modified`,`evenement_id`,`is_gererated_thumb`,`date_prise_photo`,`heure_prise_photo`,`is_in_corbeille`) values (2226,'Default-2018-7-19-74254.jpg','Default-2018-7-19-74254.jpg',0,0,'2018-07-23 10:38:48','2018-07-23 11:48:47',32,1,'2018-07-19','20:37:00',0);
insert  into `photos`(`id`,`name_origne`,`name`,`is_postable_on_facebook`,`deleted`,`created`,`modified`,`evenement_id`,`is_gererated_thumb`,`date_prise_photo`,`heure_prise_photo`,`is_in_corbeille`) values (2227,'Default-2018-7-19-74363.jpg','Default-2018-7-19-74363.jpg',0,0,'2018-07-23 10:38:48','2018-07-23 11:48:48',32,1,'2018-07-19','20:39:00',0);
insert  into `photos`(`id`,`name_origne`,`name`,`is_postable_on_facebook`,`deleted`,`created`,`modified`,`evenement_id`,`is_gererated_thumb`,`date_prise_photo`,`heure_prise_photo`,`is_in_corbeille`) values (2228,'Default-2018-7-19-74496.jpg','Default-2018-7-19-74496.jpg',0,0,'2018-07-23 10:38:48','2018-07-23 11:48:48',32,1,'2018-07-19','20:41:00',0);
insert  into `photos`(`id`,`name_origne`,`name`,`is_postable_on_facebook`,`deleted`,`created`,`modified`,`evenement_id`,`is_gererated_thumb`,`date_prise_photo`,`heure_prise_photo`,`is_in_corbeille`) values (2229,'Default-2018-7-19-74659.jpg','Default-2018-7-19-74659.jpg',0,0,'2018-07-23 10:38:48','2018-07-23 11:48:49',32,1,'2018-07-19','20:44:00',0);
insert  into `photos`(`id`,`name_origne`,`name`,`is_postable_on_facebook`,`deleted`,`created`,`modified`,`evenement_id`,`is_gererated_thumb`,`date_prise_photo`,`heure_prise_photo`,`is_in_corbeille`) values (2230,'Default-2018-7-19-74743.jpg','Default-2018-7-19-74743.jpg',0,0,'2018-07-23 10:38:49','2018-07-23 11:48:49',32,1,'2018-07-19','20:45:00',0);
insert  into `photos`(`id`,`name_origne`,`name`,`is_postable_on_facebook`,`deleted`,`created`,`modified`,`evenement_id`,`is_gererated_thumb`,`date_prise_photo`,`heure_prise_photo`,`is_in_corbeille`) values (2231,'Default-2018-7-19-74808.jpg','Default-2018-7-19-74808.jpg',0,0,'2018-07-23 10:38:49','2018-07-23 11:48:50',32,1,'2018-07-19','20:46:00',0);
insert  into `photos`(`id`,`name_origne`,`name`,`is_postable_on_facebook`,`deleted`,`created`,`modified`,`evenement_id`,`is_gererated_thumb`,`date_prise_photo`,`heure_prise_photo`,`is_in_corbeille`) values (2232,'Default-2018-7-19-74905.jpg','Default-2018-7-19-74905.jpg',0,0,'2018-07-23 10:38:49','2018-07-23 11:48:50',32,1,'2018-07-19','20:48:00',0);
insert  into `photos`(`id`,`name_origne`,`name`,`is_postable_on_facebook`,`deleted`,`created`,`modified`,`evenement_id`,`is_gererated_thumb`,`date_prise_photo`,`heure_prise_photo`,`is_in_corbeille`) values (2234,'Default-2018-7-19-75128.jpg','Default-2018-7-19-75128.jpg',0,0,'2018-07-23 10:38:49','2018-07-23 11:48:51',32,1,'2018-07-19','20:52:00',0);
insert  into `photos`(`id`,`name_origne`,`name`,`is_postable_on_facebook`,`deleted`,`created`,`modified`,`evenement_id`,`is_gererated_thumb`,`date_prise_photo`,`heure_prise_photo`,`is_in_corbeille`) values (2235,'Default-2018-7-19-75234.jpg','Default-2018-7-19-75234.jpg',0,0,'2018-07-23 10:38:49','2018-07-23 11:48:51',32,1,'2018-07-19','20:53:00',0);
insert  into `photos`(`id`,`name_origne`,`name`,`is_postable_on_facebook`,`deleted`,`created`,`modified`,`evenement_id`,`is_gererated_thumb`,`date_prise_photo`,`heure_prise_photo`,`is_in_corbeille`) values (2236,'Default-2018-7-19-75303.jpg','Default-2018-7-19-75303.jpg',0,0,'2018-07-23 10:38:50','2018-07-23 11:48:51',32,1,'2018-07-19','20:55:00',0);
insert  into `photos`(`id`,`name_origne`,`name`,`is_postable_on_facebook`,`deleted`,`created`,`modified`,`evenement_id`,`is_gererated_thumb`,`date_prise_photo`,`heure_prise_photo`,`is_in_corbeille`) values (2237,'Default-2018-7-19-75449.jpg','Default-2018-7-19-75449.jpg',0,0,'2018-07-23 10:38:50','2018-07-23 11:48:52',32,1,'2018-07-19','20:57:00',0);
insert  into `photos`(`id`,`name_origne`,`name`,`is_postable_on_facebook`,`deleted`,`created`,`modified`,`evenement_id`,`is_gererated_thumb`,`date_prise_photo`,`heure_prise_photo`,`is_in_corbeille`) values (2239,'Default-2018-7-19-75592.jpg','Default-2018-7-19-75592.jpg',0,0,'2018-07-23 10:38:51','2018-07-23 11:48:52',32,1,'2018-07-19','20:59:00',0);
insert  into `photos`(`id`,`name_origne`,`name`,`is_postable_on_facebook`,`deleted`,`created`,`modified`,`evenement_id`,`is_gererated_thumb`,`date_prise_photo`,`heure_prise_photo`,`is_in_corbeille`) values (2240,'Default-2018-7-19-75666.jpg','Default-2018-7-19-75666.jpg',0,0,'2018-07-23 10:38:52','2018-07-23 11:48:53',32,1,'2018-07-19','21:01:00',0);
insert  into `photos`(`id`,`name_origne`,`name`,`is_postable_on_facebook`,`deleted`,`created`,`modified`,`evenement_id`,`is_gererated_thumb`,`date_prise_photo`,`heure_prise_photo`,`is_in_corbeille`) values (2241,'Default-2018-7-19-75732.jpg','Default-2018-7-19-75732.jpg',0,0,'2018-07-23 10:38:52','2018-07-23 11:48:53',32,1,'2018-07-19','21:02:00',0);
insert  into `photos`(`id`,`name_origne`,`name`,`is_postable_on_facebook`,`deleted`,`created`,`modified`,`evenement_id`,`is_gererated_thumb`,`date_prise_photo`,`heure_prise_photo`,`is_in_corbeille`) values (2242,'Default-2018-7-19-76033.jpg','Default-2018-7-19-76033.jpg',0,0,'2018-07-23 10:38:52','2018-07-23 11:48:54',32,1,'2018-07-19','21:07:00',0);
insert  into `photos`(`id`,`name_origne`,`name`,`is_postable_on_facebook`,`deleted`,`created`,`modified`,`evenement_id`,`is_gererated_thumb`,`date_prise_photo`,`heure_prise_photo`,`is_in_corbeille`) values (2244,'Default-2018-7-19-76241.jpg','Default-2018-7-19-76241.jpg',0,0,'2018-07-23 10:38:53','2018-07-23 11:48:54',32,1,'2018-07-19','21:10:00',0);
insert  into `photos`(`id`,`name_origne`,`name`,`is_postable_on_facebook`,`deleted`,`created`,`modified`,`evenement_id`,`is_gererated_thumb`,`date_prise_photo`,`heure_prise_photo`,`is_in_corbeille`) values (2245,'Default-2018-7-19-76314.jpg','Default-2018-7-19-76314.jpg',0,0,'2018-07-23 10:38:53','2018-07-23 11:48:54',32,1,'2018-07-19','21:11:00',0);
insert  into `photos`(`id`,`name_origne`,`name`,`is_postable_on_facebook`,`deleted`,`created`,`modified`,`evenement_id`,`is_gererated_thumb`,`date_prise_photo`,`heure_prise_photo`,`is_in_corbeille`) values (2247,'Default-2018-7-20-50597.jpg','Default-2018-7-20-50597.jpg',0,0,'2018-07-23 10:38:53','2018-07-23 11:48:55',32,1,'2018-07-20','14:03:00',0);
insert  into `photos`(`id`,`name_origne`,`name`,`is_postable_on_facebook`,`deleted`,`created`,`modified`,`evenement_id`,`is_gererated_thumb`,`date_prise_photo`,`heure_prise_photo`,`is_in_corbeille`) values (2248,'Default-2018-7-20-50711.jpg','Default-2018-7-20-50711.jpg',0,0,'2018-07-23 10:38:53','2018-07-23 11:48:55',32,1,'2018-07-20','14:05:00',0);
insert  into `photos`(`id`,`name_origne`,`name`,`is_postable_on_facebook`,`deleted`,`created`,`modified`,`evenement_id`,`is_gererated_thumb`,`date_prise_photo`,`heure_prise_photo`,`is_in_corbeille`) values (2249,'Default-2018-7-20-51179.jpg','Default-2018-7-20-51179.jpg',0,0,'2018-07-23 10:38:54','2018-07-23 11:48:56',32,1,'2018-07-20','14:12:00',0);
insert  into `photos`(`id`,`name_origne`,`name`,`is_postable_on_facebook`,`deleted`,`created`,`modified`,`evenement_id`,`is_gererated_thumb`,`date_prise_photo`,`heure_prise_photo`,`is_in_corbeille`) values (2250,'Default-2018-7-20-51272.jpg','Default-2018-7-20-51272.jpg',0,0,'2018-07-23 10:38:54','2018-07-23 11:48:56',32,1,'2018-07-20','14:14:00',0);
insert  into `photos`(`id`,`name_origne`,`name`,`is_postable_on_facebook`,`deleted`,`created`,`modified`,`evenement_id`,`is_gererated_thumb`,`date_prise_photo`,`heure_prise_photo`,`is_in_corbeille`) values (2251,'Default-2018-7-20-51300.jpg','Default-2018-7-20-51300.jpg',0,0,'2018-07-23 10:38:54','2018-07-23 11:48:57',32,1,'2018-07-20','14:15:00',0);
insert  into `photos`(`id`,`name_origne`,`name`,`is_postable_on_facebook`,`deleted`,`created`,`modified`,`evenement_id`,`is_gererated_thumb`,`date_prise_photo`,`heure_prise_photo`,`is_in_corbeille`) values (2252,'Default-2018-7-20-51475.jpg','Default-2018-7-20-51475.jpg',0,0,'2018-07-23 10:38:55','2018-07-23 11:48:57',32,1,'2018-07-20','14:17:00',0);
insert  into `photos`(`id`,`name_origne`,`name`,`is_postable_on_facebook`,`deleted`,`created`,`modified`,`evenement_id`,`is_gererated_thumb`,`date_prise_photo`,`heure_prise_photo`,`is_in_corbeille`) values (2253,'Default-2018-7-20-51574.jpg','Default-2018-7-20-51574.jpg',0,0,'2018-07-23 10:38:55','2018-07-23 11:48:57',32,1,'2018-07-20','14:19:00',0);
insert  into `photos`(`id`,`name_origne`,`name`,`is_postable_on_facebook`,`deleted`,`created`,`modified`,`evenement_id`,`is_gererated_thumb`,`date_prise_photo`,`heure_prise_photo`,`is_in_corbeille`) values (2254,'Default-2018-7-20-51694.jpg','Default-2018-7-20-51694.jpg',0,0,'2018-07-23 10:38:55','2018-07-23 11:48:58',32,1,'2018-07-20','14:21:00',0);
insert  into `photos`(`id`,`name_origne`,`name`,`is_postable_on_facebook`,`deleted`,`created`,`modified`,`evenement_id`,`is_gererated_thumb`,`date_prise_photo`,`heure_prise_photo`,`is_in_corbeille`) values (2255,'Default-2018-7-20-51764.jpg','Default-2018-7-20-51764.jpg',0,0,'2018-07-23 10:38:55','2018-07-23 11:48:58',32,1,'2018-07-20','14:22:00',0);
insert  into `photos`(`id`,`name_origne`,`name`,`is_postable_on_facebook`,`deleted`,`created`,`modified`,`evenement_id`,`is_gererated_thumb`,`date_prise_photo`,`heure_prise_photo`,`is_in_corbeille`) values (2256,'Default-2018-7-20-51857.jpg','Default-2018-7-20-51857.jpg',0,0,'2018-07-23 10:38:55','2018-07-23 11:48:59',32,1,'2018-07-20','14:24:00',0);
insert  into `photos`(`id`,`name_origne`,`name`,`is_postable_on_facebook`,`deleted`,`created`,`modified`,`evenement_id`,`is_gererated_thumb`,`date_prise_photo`,`heure_prise_photo`,`is_in_corbeille`) values (2257,'Default-2018-7-20-51932.jpg','Default-2018-7-20-51932.jpg',0,0,'2018-07-23 10:38:56','2018-07-23 11:48:59',32,1,'2018-07-20','14:25:00',0);
insert  into `photos`(`id`,`name_origne`,`name`,`is_postable_on_facebook`,`deleted`,`created`,`modified`,`evenement_id`,`is_gererated_thumb`,`date_prise_photo`,`heure_prise_photo`,`is_in_corbeille`) values (2258,'Default-2018-7-20-52080.jpg','Default-2018-7-20-52080.jpg',0,0,'2018-07-23 10:38:56','2018-07-23 11:48:59',32,1,'2018-07-20','14:28:00',0);
insert  into `photos`(`id`,`name_origne`,`name`,`is_postable_on_facebook`,`deleted`,`created`,`modified`,`evenement_id`,`is_gererated_thumb`,`date_prise_photo`,`heure_prise_photo`,`is_in_corbeille`) values (2259,'Default-2018-7-20-52175.jpg','Default-2018-7-20-52175.jpg',0,0,'2018-07-23 10:38:57','2018-07-23 11:48:59',32,1,'2018-07-20','14:29:00',0);
insert  into `photos`(`id`,`name_origne`,`name`,`is_postable_on_facebook`,`deleted`,`created`,`modified`,`evenement_id`,`is_gererated_thumb`,`date_prise_photo`,`heure_prise_photo`,`is_in_corbeille`) values (2260,'Default-2018-7-20-52265.jpg','Default-2018-7-20-52265.jpg',0,0,'2018-07-23 10:38:57','2018-07-23 11:49:00',32,1,'2018-07-20','14:31:00',0);
insert  into `photos`(`id`,`name_origne`,`name`,`is_postable_on_facebook`,`deleted`,`created`,`modified`,`evenement_id`,`is_gererated_thumb`,`date_prise_photo`,`heure_prise_photo`,`is_in_corbeille`) values (2261,'Default-2018-7-20-52353.jpg','Default-2018-7-20-52353.jpg',0,0,'2018-07-23 10:38:57','2018-07-23 11:49:00',32,1,'2018-07-20','14:32:00',0);
insert  into `photos`(`id`,`name_origne`,`name`,`is_postable_on_facebook`,`deleted`,`created`,`modified`,`evenement_id`,`is_gererated_thumb`,`date_prise_photo`,`heure_prise_photo`,`is_in_corbeille`) values (2262,'Default-2018-7-20-52495.jpg','Default-2018-7-20-52495.jpg',0,0,'2018-07-23 10:38:57','2018-07-23 11:49:01',32,1,'2018-07-20','14:34:00',0);
insert  into `photos`(`id`,`name_origne`,`name`,`is_postable_on_facebook`,`deleted`,`created`,`modified`,`evenement_id`,`is_gererated_thumb`,`date_prise_photo`,`heure_prise_photo`,`is_in_corbeille`) values (2263,'Default-2018-7-20-52610.jpg','Default-2018-7-20-52610.jpg',0,0,'2018-07-23 10:38:57','2018-07-23 11:49:01',32,1,'2018-07-20','14:36:00',0);
insert  into `photos`(`id`,`name_origne`,`name`,`is_postable_on_facebook`,`deleted`,`created`,`modified`,`evenement_id`,`is_gererated_thumb`,`date_prise_photo`,`heure_prise_photo`,`is_in_corbeille`) values (2264,'Default-2018-7-20-52709.jpg','Default-2018-7-20-52709.jpg',0,0,'2018-07-23 10:38:58','2018-07-23 11:49:01',32,1,'2018-07-20','14:38:00',0);
insert  into `photos`(`id`,`name_origne`,`name`,`is_postable_on_facebook`,`deleted`,`created`,`modified`,`evenement_id`,`is_gererated_thumb`,`date_prise_photo`,`heure_prise_photo`,`is_in_corbeille`) values (2265,'Default-2018-7-20-52809.jpg','Default-2018-7-20-52809.jpg',0,0,'2018-07-23 10:38:58','2018-07-23 11:49:02',32,1,'2018-07-20','14:40:00',0);
insert  into `photos`(`id`,`name_origne`,`name`,`is_postable_on_facebook`,`deleted`,`created`,`modified`,`evenement_id`,`is_gererated_thumb`,`date_prise_photo`,`heure_prise_photo`,`is_in_corbeille`) values (2266,'Default-2018-7-20-52958.jpg','Default-2018-7-20-52958.jpg',0,0,'2018-07-23 10:38:58','2018-07-23 11:49:02',32,1,'2018-07-20','14:42:00',0);
insert  into `photos`(`id`,`name_origne`,`name`,`is_postable_on_facebook`,`deleted`,`created`,`modified`,`evenement_id`,`is_gererated_thumb`,`date_prise_photo`,`heure_prise_photo`,`is_in_corbeille`) values (2267,'Default-2018-7-20-53052.jpg','Default-2018-7-20-53052.jpg',0,0,'2018-07-23 10:38:59','2018-07-23 11:49:03',32,1,'2018-07-20','14:44:00',0);
insert  into `photos`(`id`,`name_origne`,`name`,`is_postable_on_facebook`,`deleted`,`created`,`modified`,`evenement_id`,`is_gererated_thumb`,`date_prise_photo`,`heure_prise_photo`,`is_in_corbeille`) values (2268,'Default-2018-7-20-53142.jpg','Default-2018-7-20-53142.jpg',0,0,'2018-07-23 10:38:59','2018-07-23 11:49:03',32,1,'2018-07-20','14:45:00',0);
insert  into `photos`(`id`,`name_origne`,`name`,`is_postable_on_facebook`,`deleted`,`created`,`modified`,`evenement_id`,`is_gererated_thumb`,`date_prise_photo`,`heure_prise_photo`,`is_in_corbeille`) values (2269,'Default-2018-7-20-53237.jpg','Default-2018-7-20-53237.jpg',0,0,'2018-07-23 10:38:59','2018-07-23 11:49:03',32,1,'2018-07-20','14:47:00',0);
insert  into `photos`(`id`,`name_origne`,`name`,`is_postable_on_facebook`,`deleted`,`created`,`modified`,`evenement_id`,`is_gererated_thumb`,`date_prise_photo`,`heure_prise_photo`,`is_in_corbeille`) values (2270,'Default-2018-7-20-53356.jpg','Default-2018-7-20-53356.jpg',0,0,'2018-07-23 10:39:00','2018-07-23 11:49:04',32,1,'2018-07-20','14:49:00',0);
insert  into `photos`(`id`,`name_origne`,`name`,`is_postable_on_facebook`,`deleted`,`created`,`modified`,`evenement_id`,`is_gererated_thumb`,`date_prise_photo`,`heure_prise_photo`,`is_in_corbeille`) values (2271,'Default-2018-7-20-53510.jpg','Default-2018-7-20-53510.jpg',0,0,'2018-07-23 10:39:01','2018-07-23 11:49:04',32,1,'2018-07-20','14:51:00',0);
insert  into `photos`(`id`,`name_origne`,`name`,`is_postable_on_facebook`,`deleted`,`created`,`modified`,`evenement_id`,`is_gererated_thumb`,`date_prise_photo`,`heure_prise_photo`,`is_in_corbeille`) values (2272,'Default-2018-7-20-53619.jpg','Default-2018-7-20-53619.jpg',0,0,'2018-07-23 10:39:01','2018-07-23 11:49:05',32,1,'2018-07-20','14:53:00',0);
insert  into `photos`(`id`,`name_origne`,`name`,`is_postable_on_facebook`,`deleted`,`created`,`modified`,`evenement_id`,`is_gererated_thumb`,`date_prise_photo`,`heure_prise_photo`,`is_in_corbeille`) values (2273,'Default-2018-7-20-53726.jpg','Default-2018-7-20-53726.jpg',0,0,'2018-07-23 10:39:01','2018-07-23 11:49:05',32,1,'2018-07-20','14:55:00',0);
insert  into `photos`(`id`,`name_origne`,`name`,`is_postable_on_facebook`,`deleted`,`created`,`modified`,`evenement_id`,`is_gererated_thumb`,`date_prise_photo`,`heure_prise_photo`,`is_in_corbeille`) values (2274,'Default-2018-7-20-53841.jpg','Default-2018-7-20-53841.jpg',0,0,'2018-07-23 10:39:01','2018-07-23 11:49:05',32,1,'2018-07-20','14:57:00',0);
insert  into `photos`(`id`,`name_origne`,`name`,`is_postable_on_facebook`,`deleted`,`created`,`modified`,`evenement_id`,`is_gererated_thumb`,`date_prise_photo`,`heure_prise_photo`,`is_in_corbeille`) values (2275,'Default-2018-7-20-53926.jpg','Default-2018-7-20-53926.jpg',0,0,'2018-07-23 10:39:02','2018-07-23 11:49:06',32,1,'2018-07-20','14:58:00',0);
insert  into `photos`(`id`,`name_origne`,`name`,`is_postable_on_facebook`,`deleted`,`created`,`modified`,`evenement_id`,`is_gererated_thumb`,`date_prise_photo`,`heure_prise_photo`,`is_in_corbeille`) values (2276,'Default-2018-7-20-54050.jpg','Default-2018-7-20-54050.jpg',0,0,'2018-07-23 10:39:02','2018-07-23 11:49:06',32,1,'2018-07-20','15:00:00',0);
insert  into `photos`(`id`,`name_origne`,`name`,`is_postable_on_facebook`,`deleted`,`created`,`modified`,`evenement_id`,`is_gererated_thumb`,`date_prise_photo`,`heure_prise_photo`,`is_in_corbeille`) values (2277,'Default-2018-7-20-54175.jpg','Default-2018-7-20-54175.jpg',0,0,'2018-07-23 10:39:02','2018-07-23 11:49:06',32,1,'2018-07-20','15:02:00',0);
insert  into `photos`(`id`,`name_origne`,`name`,`is_postable_on_facebook`,`deleted`,`created`,`modified`,`evenement_id`,`is_gererated_thumb`,`date_prise_photo`,`heure_prise_photo`,`is_in_corbeille`) values (2278,'Default-2018-7-20-54292.jpg','Default-2018-7-20-54292.jpg',0,0,'2018-07-23 10:39:03','2018-07-23 11:49:07',32,1,'2018-07-20','15:04:00',0);
insert  into `photos`(`id`,`name_origne`,`name`,`is_postable_on_facebook`,`deleted`,`created`,`modified`,`evenement_id`,`is_gererated_thumb`,`date_prise_photo`,`heure_prise_photo`,`is_in_corbeille`) values (2279,'Default-2018-7-20-54378.jpg','Default-2018-7-20-54378.jpg',0,0,'2018-07-23 10:39:03','2018-07-23 11:49:07',32,1,'2018-07-20','15:06:00',0);
insert  into `photos`(`id`,`name_origne`,`name`,`is_postable_on_facebook`,`deleted`,`created`,`modified`,`evenement_id`,`is_gererated_thumb`,`date_prise_photo`,`heure_prise_photo`,`is_in_corbeille`) values (2280,'Default-2018-7-20-54464.jpg','Default-2018-7-20-54464.jpg',0,0,'2018-07-23 10:39:03','2018-07-23 11:49:07',32,1,'2018-07-20','15:07:00',0);
insert  into `photos`(`id`,`name_origne`,`name`,`is_postable_on_facebook`,`deleted`,`created`,`modified`,`evenement_id`,`is_gererated_thumb`,`date_prise_photo`,`heure_prise_photo`,`is_in_corbeille`) values (2281,'Default-2018-7-20-54620.jpg','Default-2018-7-20-54620.jpg',0,0,'2018-07-23 10:39:03','2018-07-23 11:49:08',32,1,'2018-07-20','15:10:00',0);
insert  into `photos`(`id`,`name_origne`,`name`,`is_postable_on_facebook`,`deleted`,`created`,`modified`,`evenement_id`,`is_gererated_thumb`,`date_prise_photo`,`heure_prise_photo`,`is_in_corbeille`) values (2282,'Default-2018-7-20-54733.jpg','Default-2018-7-20-54733.jpg',0,0,'2018-07-23 10:39:03','2018-07-23 11:49:08',32,1,'2018-07-20','15:12:00',0);
insert  into `photos`(`id`,`name_origne`,`name`,`is_postable_on_facebook`,`deleted`,`created`,`modified`,`evenement_id`,`is_gererated_thumb`,`date_prise_photo`,`heure_prise_photo`,`is_in_corbeille`) values (2283,'Default-2018-7-20-54828.jpg','Default-2018-7-20-54828.jpg',0,0,'2018-07-23 10:39:03','2018-07-23 11:49:09',32,1,'2018-07-20','15:13:00',0);
insert  into `photos`(`id`,`name_origne`,`name`,`is_postable_on_facebook`,`deleted`,`created`,`modified`,`evenement_id`,`is_gererated_thumb`,`date_prise_photo`,`heure_prise_photo`,`is_in_corbeille`) values (2284,'Default-2018-7-20-54934.jpg','Default-2018-7-20-54934.jpg',0,0,'2018-07-23 10:39:04','2018-07-23 11:49:09',32,1,'2018-07-20','15:15:00',0);
insert  into `photos`(`id`,`name_origne`,`name`,`is_postable_on_facebook`,`deleted`,`created`,`modified`,`evenement_id`,`is_gererated_thumb`,`date_prise_photo`,`heure_prise_photo`,`is_in_corbeille`) values (2285,'Default-2018-7-20-55041.jpg','Default-2018-7-20-55041.jpg',0,0,'2018-07-23 10:39:04','2018-07-23 11:49:10',32,1,'2018-07-20','15:17:00',0);
insert  into `photos`(`id`,`name_origne`,`name`,`is_postable_on_facebook`,`deleted`,`created`,`modified`,`evenement_id`,`is_gererated_thumb`,`date_prise_photo`,`heure_prise_photo`,`is_in_corbeille`) values (2286,'Default-2018-7-20-55136.jpg','Default-2018-7-20-55136.jpg',0,0,'2018-07-23 10:39:04','2018-07-23 11:49:10',32,1,'2018-07-20','15:18:00',0);
insert  into `photos`(`id`,`name_origne`,`name`,`is_postable_on_facebook`,`deleted`,`created`,`modified`,`evenement_id`,`is_gererated_thumb`,`date_prise_photo`,`heure_prise_photo`,`is_in_corbeille`) values (2287,'Default-2018-7-20-55338.jpg','Default-2018-7-20-55338.jpg',0,0,'2018-07-23 10:39:04','2018-07-23 11:49:11',32,1,'2018-07-20','15:22:00',0);
insert  into `photos`(`id`,`name_origne`,`name`,`is_postable_on_facebook`,`deleted`,`created`,`modified`,`evenement_id`,`is_gererated_thumb`,`date_prise_photo`,`heure_prise_photo`,`is_in_corbeille`) values (2288,'Default-2018-7-20-55452.jpg','Default-2018-7-20-55452.jpg',0,0,'2018-07-23 10:39:05','2018-07-23 11:49:11',32,1,'2018-07-20','15:24:00',0);
insert  into `photos`(`id`,`name_origne`,`name`,`is_postable_on_facebook`,`deleted`,`created`,`modified`,`evenement_id`,`is_gererated_thumb`,`date_prise_photo`,`heure_prise_photo`,`is_in_corbeille`) values (2289,'Default-2018-7-20-55681.jpg','Default-2018-7-20-55681.jpg',0,0,'2018-07-23 10:39:05','2018-07-23 11:49:11',32,1,'2018-07-20','15:28:00',0);
insert  into `photos`(`id`,`name_origne`,`name`,`is_postable_on_facebook`,`deleted`,`created`,`modified`,`evenement_id`,`is_gererated_thumb`,`date_prise_photo`,`heure_prise_photo`,`is_in_corbeille`) values (2290,'Default-2018-7-20-55798.jpg','Default-2018-7-20-55798.jpg',0,0,'2018-07-23 10:39:05','2018-07-23 11:49:12',32,1,'2018-07-20','15:29:00',0);
insert  into `photos`(`id`,`name_origne`,`name`,`is_postable_on_facebook`,`deleted`,`created`,`modified`,`evenement_id`,`is_gererated_thumb`,`date_prise_photo`,`heure_prise_photo`,`is_in_corbeille`) values (2291,'Default-2018-7-20-55893.jpg','Default-2018-7-20-55893.jpg',0,0,'2018-07-23 10:39:06','2018-07-23 11:49:13',32,1,'2018-07-20','15:31:00',0);
insert  into `photos`(`id`,`name_origne`,`name`,`is_postable_on_facebook`,`deleted`,`created`,`modified`,`evenement_id`,`is_gererated_thumb`,`date_prise_photo`,`heure_prise_photo`,`is_in_corbeille`) values (2292,'Default-2018-7-20-55958.jpg','Default-2018-7-20-55958.jpg',0,0,'2018-07-23 10:39:06','2018-07-23 11:49:13',32,1,'2018-07-20','15:32:00',0);

/*Table structure for table `roles` */

DROP TABLE IF EXISTS `roles`;

CREATE TABLE `roles` (
  `id` int(11) NOT NULL AUTO_INCREMENT,
  `nom` varchar(45) NOT NULL,
  `created` datetime DEFAULT NULL,
  `modified` datetime DEFAULT NULL,
  PRIMARY KEY (`id`)
) ENGINE=InnoDB AUTO_INCREMENT=5 DEFAULT CHARSET=utf8;

/*Data for the table `roles` */

insert  into `roles`(`id`,`nom`,`created`,`modified`) values (1,'Admin','2018-07-21 07:10:53','2018-07-21 07:10:53');
insert  into `roles`(`id`,`nom`,`created`,`modified`) values (2,'Client','2018-07-21 13:06:28','2018-07-21 13:06:28');
insert  into `roles`(`id`,`nom`,`created`,`modified`) values (3,'Galerie','2018-07-21 13:06:43','2018-07-21 13:06:43');
insert  into `roles`(`id`,`nom`,`created`,`modified`) values (4,'Evenement','2018-07-21 13:06:57','2018-07-21 13:06:57');

/*Table structure for table `rs_configurations` */

DROP TABLE IF EXISTS `rs_configurations`;

CREATE TABLE `rs_configurations` (
  `id` int(11) NOT NULL AUTO_INCREMENT,
  `desc_facebook` text,
  `desc_twiter` text,
  `hashtag_twitter` varchar(250) DEFAULT NULL,
  `created` datetime DEFAULT NULL,
  `modified` datetime DEFAULT NULL,
  `evenement_id` int(11) NOT NULL,
  PRIMARY KEY (`id`),
  KEY `fk_rs_configurations_evenements1_idx` (`evenement_id`),
  CONSTRAINT `fk_rs_configurations_evenements1` FOREIGN KEY (`evenement_id`) REFERENCES `evenements` (`id`) ON DELETE CASCADE ON UPDATE CASCADE
) ENGINE=InnoDB DEFAULT CHARSET=utf8;

/*Data for the table `rs_configurations` */

/*Table structure for table `sms_configurations` */

DROP TABLE IF EXISTS `sms_configurations`;

CREATE TABLE `sms_configurations` (
  `id` int(11) NOT NULL AUTO_INCREMENT,
  `expediteur` varchar(250) NOT NULL,
  `contenu` text NOT NULL,
  `created` datetime DEFAULT NULL,
  `modified` datetime DEFAULT NULL,
  `evenement_id` int(11) NOT NULL,
  `nb_caractere` int(11) DEFAULT NULL,
  `nbr_sms` int(11) DEFAULT NULL,
  PRIMARY KEY (`id`),
  KEY `fk_sms_configurations_evenements1_idx` (`evenement_id`),
  CONSTRAINT `fk_sms_configurations_evenements1` FOREIGN KEY (`evenement_id`) REFERENCES `evenements` (`id`) ON DELETE CASCADE ON UPDATE CASCADE
) ENGINE=InnoDB AUTO_INCREMENT=6 DEFAULT CHARSET=utf8;

/*Data for the table `sms_configurations` */

insert  into `sms_configurations`(`id`,`expediteur`,`contenu`,`created`,`modified`,`evenement_id`,`nb_caractere`,`nbr_sms`) values (1,'sdfqsd','qsdfdf','2018-07-21 11:48:38','2018-07-21 11:48:38',3,NULL,NULL);
insert  into `sms_configurations`(`id`,`expediteur`,`contenu`,`created`,`modified`,`evenement_id`,`nb_caractere`,`nbr_sms`) values (2,'ddd','dddddd','2018-07-21 11:51:01','2018-07-21 11:51:01',3,NULL,NULL);
insert  into `sms_configurations`(`id`,`expediteur`,`contenu`,`created`,`modified`,`evenement_id`,`nb_caractere`,`nbr_sms`) values (3,'ererer','ererer','2018-07-21 12:50:56','2018-07-21 12:50:56',4,NULL,NULL);
insert  into `sms_configurations`(`id`,`expediteur`,`contenu`,`created`,`modified`,`evenement_id`,`nb_caractere`,`nbr_sms`) values (4,'test','test','2018-07-21 12:53:32','2018-07-21 12:53:32',5,NULL,NULL);
insert  into `sms_configurations`(`id`,`expediteur`,`contenu`,`created`,`modified`,`evenement_id`,`nb_caractere`,`nbr_sms`) values (5,'Nombre 02','dsdqsdqsd SD qsd sdfqsd fqsdf sdf qsdf qsdfSQDJFML QKJDSFL','2018-07-21 15:35:33','2018-07-21 15:55:47',7,58,1);

/*Table structure for table `users` */

DROP TABLE IF EXISTS `users`;

CREATE TABLE `users` (
  `id` int(11) NOT NULL AUTO_INCREMENT,
  `username` varchar(255) DEFAULT NULL,
  `password` varchar(255) DEFAULT NULL,
  `created` datetime DEFAULT NULL,
  `modified` datetime DEFAULT NULL,
  `role_id` int(11) NOT NULL,
  `evenement_id` int(11) DEFAULT NULL,
  `galerie_id` int(11) DEFAULT NULL,
  `client_id` int(11) DEFAULT NULL,
  PRIMARY KEY (`id`),
  KEY `fk_users_roles_idx` (`role_id`),
  KEY `fk_users_evenements1_idx` (`evenement_id`),
  KEY `fk_users_galeries1_idx` (`galerie_id`),
  KEY `fk_users_clients1_idx` (`client_id`),
  CONSTRAINT `fk_users_clients1` FOREIGN KEY (`client_id`) REFERENCES `clients` (`id`) ON DELETE NO ACTION ON UPDATE NO ACTION,
  CONSTRAINT `fk_users_evenements1` FOREIGN KEY (`evenement_id`) REFERENCES `evenements` (`id`) ON DELETE CASCADE ON UPDATE CASCADE,
  CONSTRAINT `fk_users_galeries1` FOREIGN KEY (`galerie_id`) REFERENCES `galeries` (`id`) ON DELETE NO ACTION ON UPDATE NO ACTION,
  CONSTRAINT `fk_users_roles` FOREIGN KEY (`role_id`) REFERENCES `roles` (`id`) ON DELETE NO ACTION ON UPDATE NO ACTION
) ENGINE=InnoDB AUTO_INCREMENT=21 DEFAULT CHARSET=utf8;

/*Data for the table `users` */

insert  into `users`(`id`,`username`,`password`,`created`,`modified`,`role_id`,`evenement_id`,`galerie_id`,`client_id`) values (1,'admin','$2y$10$P4/WN3bbNXAby8.2OG74YuNahfJGLZgAHy87IYy3UH0RvAwZHwhmm','2018-07-21 07:11:36','2018-07-21 07:11:36',1,NULL,NULL,NULL);
insert  into `users`(`id`,`username`,`password`,`created`,`modified`,`role_id`,`evenement_id`,`galerie_id`,`client_id`) values (2,'ca','$2y$10$TmDcFHeC79bqWfsqMrvby.yVxYWnb3v7pGEN1KVqXJ8i8DHdquQTa','2018-07-21 13:08:47','2018-07-21 13:08:47',2,NULL,NULL,2);
insert  into `users`(`id`,`username`,`password`,`created`,`modified`,`role_id`,`evenement_id`,`galerie_id`,`client_id`) values (3,'qsdQSDqsd',NULL,'2018-07-21 17:04:34','2018-07-21 17:04:34',4,13,NULL,NULL);
insert  into `users`(`id`,`username`,`password`,`created`,`modified`,`role_id`,`evenement_id`,`galerie_id`,`client_id`) values (5,'vola-verye','$2y$10$e52e8QuEpAGu1Gc0qADVUe/nUPkGdWsJD3ErT13uGM9kWdqOvc5am','2018-07-21 17:15:18','2018-07-21 17:15:18',4,17,NULL,NULL);
insert  into `users`(`id`,`username`,`password`,`created`,`modified`,`role_id`,`evenement_id`,`galerie_id`,`client_id`) values (6,'vola-veryeffffffff','$2y$10$iHYB4266s9kLIO4M2RsmHejoy0w2WjB4RdZ3IH1vbV44we4/nxGIu','2018-07-21 17:15:50','2018-07-21 17:15:50',4,18,NULL,NULL);
insert  into `users`(`id`,`username`,`password`,`created`,`modified`,`role_id`,`evenement_id`,`galerie_id`,`client_id`) values (7,'sdfsdfdsf','$2y$10$xxe7JQLBT1WCWiZvvFHDoumr/l6aMTP2MtdVxE21SGTrAPoWhrKyq','2018-07-21 17:31:42','2018-07-21 17:31:42',4,23,NULL,NULL);
insert  into `users`(`id`,`username`,`password`,`created`,`modified`,`role_id`,`evenement_id`,`galerie_id`,`client_id`) values (8,'sdfqsdfsqdfqsdf','$2y$10$fFvhkw9iI3JMwpAtk1NyOOKlDMbwnKxk2DZ0TzFMx4fjGtAwsEJ5i','2018-07-21 17:36:17','2018-07-21 17:36:17',4,25,NULL,NULL);
insert  into `users`(`id`,`username`,`password`,`created`,`modified`,`role_id`,`evenement_id`,`galerie_id`,`client_id`) values (9,'wcw-moins-que-xc','$2y$10$c4Uec1x7X/Cu90DKZI6tn.GGpJBDdLQ8AawfaxQ4mb7.bXYtEugt.','2018-07-21 17:49:13','2018-07-21 17:49:13',4,26,NULL,NULL);
insert  into `users`(`id`,`username`,`password`,`created`,`modified`,`role_id`,`evenement_id`,`galerie_id`,`client_id`) values (10,'<wxc<wxc<wxc','$2y$10$BrfEDKhhAn7VJ10UFLlyvu6bxMP34EEK88RComFNC3ijW5irG/PI2','2018-07-21 17:49:13','2018-07-21 17:49:13',4,NULL,4,NULL);
insert  into `users`(`id`,`username`,`password`,`created`,`modified`,`role_id`,`evenement_id`,`galerie_id`,`client_id`) values (11,'Nom-de-la-galerie-cc-apepe','$2y$10$.hkFKcjyjrzNHbLftu8uAuEWEytMDoTjdnPElQQT6hJ8DAZUAQAeu','2018-07-21 17:56:15','2018-07-21 17:56:15',4,NULL,5,NULL);
insert  into `users`(`id`,`username`,`password`,`created`,`modified`,`role_id`,`evenement_id`,`galerie_id`,`client_id`) values (13,'condra-evenbt','$2y$10$K6ZCFRc.yvtAYw5wSMncAei11r/tq4K8p5Yu0ckyNd18dJkR6sc5u','2018-07-21 17:57:19','2018-07-21 17:57:19',4,NULL,6,NULL);
insert  into `users`(`id`,`username`,`password`,`created`,`modified`,`role_id`,`evenement_id`,`galerie_id`,`client_id`) values (14,'novaiko-wa-lele-65','$2y$10$pi1/KokK6eZtcPx25elE7.ljTD/Jxh714MHAxZtKO2Ta/6EjzxbwO','2018-07-21 18:00:46','2018-07-21 18:00:46',4,NULL,7,NULL);
insert  into `users`(`id`,`username`,`password`,`created`,`modified`,`role_id`,`evenement_id`,`galerie_id`,`client_id`) values (16,'galerie-test','$2y$10$4q0B9xGP6ZXykZS1o2x3dum9YSjjBLde4r7aaBWyVUX3ZFcfjC9sC','2018-07-21 18:05:05','2018-07-21 18:05:05',4,NULL,9,NULL);
insert  into `users`(`id`,`username`,`password`,`created`,`modified`,`role_id`,`evenement_id`,`galerie_id`,`client_id`) values (17,'VIEILLES-CHARRUES-2018','$2y$10$YdSZeXqHRUDOlZv7OgqoYu0Hll12JnLRweBrS9csUqQe21I7kJ/EG','2018-07-23 06:09:08','2018-07-23 06:09:08',4,NULL,10,NULL);
insert  into `users`(`id`,`username`,`password`,`created`,`modified`,`role_id`,`evenement_id`,`galerie_id`,`client_id`) values (18,'test','$2y$10$kqHqAnhgD1.SxD4UslgJhu/eSoHoyizkayfm1u0XrIQfapkT59iTK','2018-07-23 17:20:44','2018-07-23 17:20:44',2,NULL,NULL,1);
insert  into `users`(`id`,`username`,`password`,`created`,`modified`,`role_id`,`evenement_id`,`galerie_id`,`client_id`) values (19,'test01','$2y$10$VqQp1wXjyQ9u8rOIRCJUOeMZ34t2KhrE3rRzwkMZiuIuYDzgrBXPS','2018-07-23 17:21:05','2018-07-23 17:21:05',2,NULL,NULL,3);
insert  into `users`(`id`,`username`,`password`,`created`,`modified`,`role_id`,`evenement_id`,`galerie_id`,`client_id`) values (20,'login','$2y$10$zYTyyjqm09hyXwncBZn0rOgbHOkitVXLsz0gj5p54oQbyJpDKbgsi','2018-07-23 17:21:51','2018-07-23 17:21:51',2,NULL,NULL,4);

/*!40101 SET SQL_MODE=@OLD_SQL_MODE */;
/*!40014 SET FOREIGN_KEY_CHECKS=@OLD_FOREIGN_KEY_CHECKS */;
/*!40014 SET UNIQUE_CHECKS=@OLD_UNIQUE_CHECKS */;
/*!40111 SET SQL_NOTES=@OLD_SQL_NOTES */;
